Execution Time, Date Time, Sunrise, Sunset, City (Country), Weather Description,Temperature (째C),Feels Like (째C),Min(째C),Max(째C),Sea Level,Ground Level,Humidity,Pressure,Wind Speed (m/s),Wind Direction,Gust,Visibility (m)
2025-06-29 17:15:40,2025-06-29 17:06:02,2025-06-29 05:25:54,2025-06-29 19:22:59,Delhi (IN),mist,28.05,34.64,28.05,28.05,995,970,94%,995,3.09,140,0.00,2000
2025-06-29 17:15:40,2025-06-29 17:09:02,2025-06-29 06:04:02,2025-06-29 19:19:49,Mumbai (IN),haze,28.99,34.50,28.99,29.94,1003,1003,79%,1003,5.14,250,0.00,5000
2025-06-29 17:15:40,2025-06-29 17:10:48,2025-06-29 04:54:44,2025-06-29 18:24:55,Kolkata (IN),haze,28.97,35.55,28.97,28.97,994,994,84%,994,2.06,350,0.00,4500
2025-06-29 17:15:40,2025-06-29 17:03:01,2025-06-29 05:56:28,2025-06-29 18:49:20,Bengaluru (IN),scattered clouds,28.11,29.28,27.14,29.16,1008,911,57%,1008,7.20,250,0.00,8000
2025-06-29 17:15:40,2025-06-29 17:11:20,2025-06-29 05:15:17,2025-06-29 19:04:00,Lucknow (IN),thunderstorm,29.99,36.99,29.99,29.99,994,980,84%,994,2.06,80,0.00,4000
2025-06-29 17:15:40,2025-06-29 17:08:23,2025-06-29 05:45:33,2025-06-29 18:38:50,Chennai (IN),scattered clouds,37.88,44.88,36.11,37.99,1002,1001,47%,1002,2.57,280,0.00,6000
2025-06-29 17:15:40,2025-06-29 17:10:06,2025-06-29 05:44:43,2025-06-29 18:54:07,Hyderabad (IN),haze,30.23,31.56,30.23,30.73,1004,941,51%,1004,7.72,280,12.86,5000
2025-06-29 17:15:40,2025-06-29 17:15:40,2025-06-29 05:01:16,2025-06-29 18:44:25,Patna (IN),mist,29.96,36.96,29.96,29.96,993,987,94%,993,1.54,60,0.00,3500
2025-06-29 17:15:40,2025-06-29 17:15:40,2025-06-29 05:34:44,2025-06-29 18:59:05,Nagpur (IN),mist,26.01,26.01,26.01,26.01,1001,967,78%,1001,4.12,240,0.00,4000
2025-06-29 17:15:40,2025-06-29 17:12:11,2025-06-29 05:35:32,2025-06-29 19:24:33,Jaipur (IN),light rain,32.62,36.96,32.62,32.62,995,948,55%,995,3.09,200,0.00,4000
2025-06-29 17:31:25,2025-06-29 17:26:40,2025-06-29 05:25:54,2025-06-29 19:22:59,Delhi (IN),mist,28.05,34.64,28.05,28.05,995,970,94%,995,2.57,140,0.00,2200
2025-06-29 17:31:25,2025-06-29 17:25:15,2025-06-29 06:04:02,2025-06-29 19:19:49,Mumbai (IN),haze,28.99,34.50,28.99,29.94,1003,1003,79%,1003,5.14,250,0.00,5000
2025-06-29 17:31:25,2025-06-29 17:27:07,2025-06-29 04:54:44,2025-06-29 18:24:55,Kolkata (IN),haze,28.97,35.55,28.97,28.97,994,994,84%,994,2.06,350,0.00,4500
2025-06-29 17:31:25,2025-06-29 17:30:42,2025-06-29 05:56:28,2025-06-29 18:49:20,Bengaluru (IN),scattered clouds,27.79,28.94,27.14,29.08,1008,911,58%,1008,7.20,250,0.00,8000
2025-06-29 17:31:25,2025-06-29 17:31:25,2025-06-29 05:15:17,2025-06-29 19:04:00,Lucknow (IN),overcast clouds,26.99,31.13,26.99,26.99,995,980,94%,995,4.12,160,0.00,2000
2025-06-29 17:31:25,2025-06-29 17:30:19,2025-06-29 05:45:33,2025-06-29 18:38:50,Chennai (IN),broken clouds,35.04,42.04,35.03,36.16,1002,1001,63%,1002,7.48,125,7.28,10000
2025-06-29 17:31:25,2025-06-29 17:30:15,2025-06-29 05:44:43,2025-06-29 18:54:07,Hyderabad (IN),haze,30.23,31.56,30.23,30.73,1004,941,51%,1004,7.72,280,12.86,5000
2025-06-29 17:31:25,2025-06-29 17:31:25,2025-06-29 05:01:16,2025-06-29 18:44:25,Patna (IN),mist,29.96,36.96,29.96,29.96,993,987,94%,993,1.54,60,0.00,3500
2025-06-29 17:31:25,2025-06-29 17:31:25,2025-06-29 05:34:44,2025-06-29 18:59:05,Nagpur (IN),mist,26.01,26.01,26.01,26.01,1001,967,78%,1001,4.12,240,0.00,4000
2025-06-29 17:31:25,2025-06-29 17:28:24,2025-06-29 05:35:32,2025-06-29 19:24:33,Jaipur (IN),haze,32.62,37.90,32.62,32.62,995,948,58%,995,1.54,180,0.00,4000
2025-06-29 17:49:59,2025-06-29 17:45:08,2025-06-29 05:25:54,2025-06-29 19:22:59,Delhi (IN),mist,28.05,34.64,28.05,28.05,995,970,94%,995,2.57,140,0.00,2200
2025-06-29 17:49:59,2025-06-29 17:45:00,2025-06-29 06:04:02,2025-06-29 19:19:49,Mumbai (IN),haze,28.99,33.47,28.99,29.94,1003,1003,74%,1003,5.66,250,0.00,5000
2025-06-29 17:49:59,2025-06-29 17:47:07,2025-06-29 04:54:44,2025-06-29 18:24:55,Kolkata (IN),haze,28.97,35.55,28.97,28.97,994,994,84%,994,0.00,0,0.00,4500
2025-06-29 17:49:59,2025-06-29 17:41:22,2025-06-29 05:56:28,2025-06-29 18:49:20,Bengaluru (IN),scattered clouds,27.68,28.89,26.73,29.08,1008,911,59%,1008,6.17,250,0.00,6000
2025-06-29 17:49:59,2025-06-29 17:45:40,2025-06-29 05:15:17,2025-06-29 19:04:00,Lucknow (IN),overcast clouds,26.99,31.13,26.99,26.99,995,980,94%,995,4.12,160,0.00,2000
2025-06-29 17:49:59,2025-06-29 17:45:22,2025-06-29 05:45:33,2025-06-29 18:38:50,Chennai (IN),scattered clouds,36.92,43.92,35.61,36.99,1003,1001,49%,1003,2.57,260,0.00,6000
2025-06-29 17:49:59,2025-06-29 17:45:30,2025-06-29 05:44:43,2025-06-29 18:54:07,Hyderabad (IN),haze,28.23,29.92,28.23,30.73,1005,941,61%,1005,7.72,260,12.86,5000
2025-06-29 17:49:59,2025-06-29 17:49:59,2025-06-29 05:01:16,2025-06-29 18:44:25,Patna (IN),mist,29.96,36.96,29.96,29.96,993,987,94%,993,2.06,70,0.00,4000
2025-06-29 17:49:59,2025-06-29 17:45:04,2025-06-29 05:34:44,2025-06-29 18:59:05,Nagpur (IN),mist,26.01,26.01,26.01,26.01,1001,967,78%,1001,4.12,240,0.00,4000
2025-06-29 17:49:59,2025-06-29 17:49:59,2025-06-29 05:35:32,2025-06-29 19:24:33,Jaipur (IN),haze,32.62,37.90,32.62,32.62,996,948,58%,996,2.57,180,0.00,4000
2025-06-29 19:39:45,2025-06-29 19:36:40,2025-06-29 05:25:54,2025-06-29 19:22:59,Delhi (IN),mist,28.05,33.73,28.05,28.05,996,970,89%,996,2.06,160,0.00,3500
2025-06-29 19:39:45,2025-06-29 19:38:25,2025-06-29 06:04:02,2025-06-29 19:19:49,Mumbai (IN),haze,28.99,33.47,28.99,28.99,1004,1004,74%,1004,5.66,240,0.00,4000
2025-06-29 19:39:45,2025-06-29 19:30:05,2025-06-29 04:54:44,2025-06-29 18:24:55,Kolkata (IN),haze,27.97,34.36,27.97,27.97,996,995,94%,996,2.57,350,0.00,4000
2025-06-29 19:39:45,2025-06-29 19:34:41,2025-06-29 05:56:28,2025-06-29 18:49:20,Bengaluru (IN),scattered clouds,26.47,26.47,25.06,27.68,1009,912,63%,1009,7.72,250,0.00,6000
2025-06-29 19:39:45,2025-06-29 19:39:45,2025-06-29 05:15:17,2025-06-29 19:04:00,Lucknow (IN),overcast clouds,26.99,31.13,26.99,26.99,996,982,94%,996,2.06,140,0.00,4000
2025-06-29 19:39:45,2025-06-29 19:27:06,2025-06-29 05:45:33,2025-06-29 18:38:50,Chennai (IN),scattered clouds,33.60,40.60,33.36,34.99,1004,1003,67%,1004,3.60,190,0.00,6000
2025-06-29 19:39:45,2025-06-29 19:30:01,2025-06-29 05:44:43,2025-06-29 18:54:07,Hyderabad (IN),haze,26.23,26.23,24.73,26.23,1005,942,65%,1005,7.72,260,12.86,5000
2025-06-29 19:39:45,2025-06-29 19:39:45,2025-06-29 05:01:16,2025-06-29 18:44:25,Patna (IN),mist,27.96,34.33,27.96,27.96,995,989,94%,995,1.54,100,0.00,4000
2025-06-29 19:39:45,2025-06-29 19:39:45,2025-06-29 05:34:44,2025-06-29 18:59:05,Nagpur (IN),mist,25.01,25.86,25.01,25.01,1002,968,88%,1002,2.06,230,0.00,4000
2025-06-29 19:39:45,2025-06-29 19:35:04,2025-06-29 05:35:32,2025-06-29 19:24:33,Jaipur (IN),haze,31.62,38.00,31.62,31.62,996,949,66%,996,4.63,200,0.00,3500
2025-06-29 21:42:15,2025-06-29 21:38:05,2025-06-29 05:25:54,2025-06-29 19:22:59,Delhi (IN),mist,27.05,30.77,27.05,27.05,997,972,89%,997,2.06,150,0.00,4000
2025-06-29 21:42:15,2025-06-29 21:30:01,2025-06-29 06:04:02,2025-06-29 19:19:49,Mumbai (IN),haze,27.99,31.77,27.99,27.99,1005,1004,78%,1005,5.14,250,10.29,3000
2025-06-29 21:42:15,2025-06-29 21:37:59,2025-06-29 04:54:44,2025-06-29 18:24:55,Kolkata (IN),haze,27.97,32.49,27.97,27.97,997,996,83%,997,2.06,320,0.00,3500
2025-06-29 21:42:15,2025-06-29 21:33:08,2025-06-29 05:56:28,2025-06-29 18:49:20,Bengaluru (IN),scattered clouds,23.65,23.98,22.84,24.16,1012,913,73%,1012,6.17,250,0.00,6000
2025-06-29 21:42:15,2025-06-29 21:42:15,2025-06-29 05:15:17,2025-06-29 19:04:00,Lucknow (IN),mist,26.99,31.80,26.99,26.99,997,983,100%,997,0.00,0,0.00,4000
2025-06-29 21:42:15,2025-06-29 21:40:11,2025-06-29 05:45:33,2025-06-29 18:38:50,Chennai (IN),haze,32.98,39.98,32.35,33.38,1005,1004,64%,1005,2.06,200,0.00,5000
2025-06-29 21:42:15,2025-06-29 21:42:15,2025-06-29 05:44:43,2025-06-29 18:54:07,Hyderabad (IN),light intensity drizzle,24.23,24.75,22.73,24.23,1008,944,78%,1008,7.72,260,0.00,5000
2025-06-29 21:42:15,2025-06-29 21:42:15,2025-06-29 05:01:16,2025-06-29 18:44:25,Patna (IN),mist,28.96,35.96,28.96,28.96,997,991,89%,997,2.57,360,0.00,4000
2025-06-29 21:42:15,2025-06-29 21:39:19,2025-06-29 05:34:44,2025-06-29 18:59:05,Nagpur (IN),light intensity drizzle,24.01,25.08,24.01,24.01,1003,969,100%,1003,1.54,200,0.00,3000
2025-06-29 21:42:15,2025-06-29 21:42:15,2025-06-29 05:35:32,2025-06-29 19:24:33,Jaipur (IN),thunderstorm,29.62,36.27,29.62,29.62,997,951,79%,997,4.63,240,0.00,2500
2025-06-29 23:44:23,2025-06-29 23:36:58,2025-06-29 05:25:54,2025-06-29 19:22:59,Delhi (IN),mist,27.05,30.77,27.05,27.05,997,971,89%,997,2.57,100,0.00,4000
2025-06-29 23:44:23,2025-06-29 23:40:01,2025-06-29 06:04:02,2025-06-29 19:19:49,Mumbai (IN),haze,27.99,31.77,27.99,27.99,1005,1004,78%,1005,4.12,240,9.26,3000
2025-06-29 23:44:23,2025-06-29 23:44:23,2025-06-29 04:54:44,2025-06-29 18:24:55,Kolkata (IN),light rain,27.97,33.48,27.97,27.97,996,996,89%,996,1.54,310,0.00,3500
2025-06-29 23:44:23,2025-06-29 23:31:51,2025-06-29 05:56:28,2025-06-29 18:49:20,Bengaluru (IN),scattered clouds,22.23,22.60,21.73,23.05,1012,913,80%,1012,5.14,250,0.00,6000
2025-06-29 23:44:23,2025-06-29 23:44:23,2025-06-29 05:15:17,2025-06-29 19:04:00,Lucknow (IN),light intensity drizzle,27.99,34.99,27.99,27.99,998,983,100%,998,1.54,120,0.00,4000
2025-06-29 23:44:23,2025-06-29 23:40:11,2025-06-29 05:45:33,2025-06-29 18:38:50,Chennai (IN),haze,32.22,39.22,31.99,32.27,1005,1004,69%,1005,3.09,220,0.00,5000
2025-06-29 23:44:23,2025-06-29 23:39:33,2025-06-29 05:44:43,2025-06-29 18:54:07,Hyderabad (IN),light intensity drizzle,25.23,25.85,24.73,25.23,1009,943,78%,1009,5.14,250,10.29,5000
2025-06-29 23:44:23,2025-06-29 23:44:23,2025-06-29 05:01:16,2025-06-29 18:44:25,Patna (IN),mist,27.96,34.33,27.96,27.96,997,991,94%,997,1.54,50,0.00,4000
2025-06-29 23:44:23,2025-06-29 23:40:04,2025-06-29 05:34:44,2025-06-29 18:59:05,Nagpur (IN),mist,24.01,25.08,24.01,24.01,1004,969,100%,1004,2.06,210,0.00,3000
2025-06-29 23:44:23,2025-06-29 23:44:23,2025-06-29 05:35:32,2025-06-29 19:24:33,Jaipur (IN),mist,27.62,30.91,27.62,27.62,999,951,78%,999,4.12,260,0.00,2500
2025-06-30 01:42:10,2025-06-30 01:30:28,2025-06-30 05:26:15,2025-06-30 19:23:01,Delhi (IN),mist,27.05,30.77,27.05,27.05,996,970,89%,996,2.06,110,0.00,4000
2025-06-30 01:42:10,2025-06-30 01:35:00,2025-06-30 06:04:19,2025-06-30 19:19:54,Mumbai (IN),haze,27.99,31.77,27.99,27.99,1004,1003,78%,1004,4.12,250,9.26,2500
2025-06-30 01:42:10,2025-06-30 01:42:10,2025-06-30 04:55:02,2025-06-30 18:25:00,Kolkata (IN),broken clouds,27.97,33.48,27.97,27.97,995,994,89%,995,2.06,330,0.00,2800
2025-06-30 01:42:10,2025-06-30 01:32:35,2025-06-30 05:56:43,2025-06-30 18:49:27,Bengaluru (IN),scattered clouds,21.64,22.03,20.62,22.50,1011,912,83%,1011,6.17,250,0.00,6000
2025-06-30 01:42:10,2025-06-30 01:42:10,2025-06-30 05:15:37,2025-06-30 19:04:03,Lucknow (IN),mist,27.99,34.99,27.99,27.99,997,983,100%,997,2.57,90,0.00,4000
2025-06-30 01:42:10,2025-06-30 01:42:10,2025-06-30 05:45:48,2025-06-30 18:38:57,Chennai (IN),haze,32.03,38.41,31.11,32.25,1004,1003,64%,1004,5.14,240,0.00,5000
2025-06-30 01:42:10,2025-06-30 01:37:51,2025-06-30 05:44:59,2025-06-30 18:54:13,Hyderabad (IN),mist,24.73,25.43,24.73,24.73,1007,942,83%,1007,5.14,260,0.00,5000
2025-06-30 01:42:10,2025-06-30 01:42:10,2025-06-30 05:01:35,2025-06-30 18:44:28,Patna (IN),mist,27.96,34.33,27.96,27.96,996,990,94%,996,2.06,70,0.00,4000
2025-06-30 01:42:10,2025-06-30 01:42:10,2025-06-30 05:35:02,2025-06-30 18:59:10,Nagpur (IN),mist,24.01,24.76,24.01,24.01,1003,968,88%,1003,2.06,210,0.00,3000
2025-06-30 01:42:10,2025-06-30 01:42:10,2025-06-30 05:35:52,2025-06-30 19:24:36,Jaipur (IN),mist,26.62,26.62,26.62,26.62,998,950,83%,998,5.66,250,0.00,2500
2025-06-30 03:40:36,2025-06-30 03:40:36,2025-06-30 05:26:15,2025-06-30 19:23:01,Delhi (IN),overcast clouds,26.05,26.05,26.05,26.05,996,971,100%,996,2.57,110,0.00,3000
2025-06-30 03:40:36,2025-06-30 03:40:36,2025-06-30 06:04:19,2025-06-30 19:19:54,Mumbai (IN),broken clouds,26.99,30.60,26.99,26.99,1003,1002,89%,1003,5.14,260,10.29,2500
2025-06-30 03:40:36,2025-06-30 03:40:36,2025-06-30 04:55:02,2025-06-30 18:25:00,Kolkata (IN),haze,27.97,33.48,27.97,27.97,995,994,89%,995,1.54,20,0.00,2800
2025-06-30 03:40:36,2025-06-30 03:37:41,2025-06-30 05:56:43,2025-06-30 18:49:27,Bengaluru (IN),scattered clouds,20.56,20.94,19.50,21.39,1010,911,87%,1010,5.66,260,0.00,6000
2025-06-30 03:40:37,2025-06-30 03:40:36,2025-06-30 05:15:37,2025-06-30 19:04:03,Lucknow (IN),mist,27.99,34.99,27.99,27.99,996,982,100%,996,1.03,0,0.00,3000
2025-06-30 03:40:37,2025-06-30 03:40:37,2025-06-30 05:45:48,2025-06-30 18:38:57,Chennai (IN),haze,31.04,35.98,30.01,31.99,1004,1003,64%,1004,5.14,280,0.00,5000
2025-06-30 03:40:37,2025-06-30 03:40:37,2025-06-30 05:44:59,2025-06-30 18:54:13,Hyderabad (IN),mist,23.73,24.46,23.73,23.73,1006,941,88%,1006,6.17,250,0.00,5000
2025-06-30 03:40:37,2025-06-30 03:40:37,2025-06-30 05:01:35,2025-06-30 18:44:28,Patna (IN),mist,27.96,34.33,27.96,27.96,996,990,94%,996,0.00,0,0.00,3500
2025-06-30 03:40:37,2025-06-30 03:40:37,2025-06-30 05:35:02,2025-06-30 18:59:10,Nagpur (IN),mist,23.01,23.82,23.01,23.01,1002,967,94%,1002,1.03,200,0.00,3000
2025-06-30 03:40:37,2025-06-30 03:40:37,2025-06-30 05:35:52,2025-06-30 19:24:36,Jaipur (IN),mist,26.62,26.62,26.62,26.62,997,950,83%,997,5.14,210,0.00,2500
2025-06-30 06:30:34,2025-06-30 06:29:49,2025-06-30 05:26:15,2025-06-30 19:23:01,Delhi (IN),mist,26.05,26.05,26.05,26.05,997,972,94%,997,3.09,100,0.00,1800
2025-06-30 06:30:34,2025-06-30 06:25:41,2025-06-30 06:04:19,2025-06-30 19:19:54,Mumbai (IN),mist,26.99,30.00,26.99,26.99,1003,1003,83%,1003,3.60,260,8.75,2500
2025-06-30 06:30:34,2025-06-30 06:30:12,2025-06-30 04:55:02,2025-06-30 18:25:00,Kolkata (IN),haze,27.97,33.48,27.97,27.97,996,995,89%,996,2.06,50,0.00,2800
2025-06-30 06:30:34,2025-06-30 06:21:02,2025-06-30 05:56:43,2025-06-30 18:49:27,Bengaluru (IN),scattered clouds,19.95,20.35,19.50,20.83,1009,912,90%,1009,5.14,250,0.00,6000
2025-06-30 06:30:34,2025-06-30 06:30:05,2025-06-30 05:15:37,2025-06-30 19:04:03,Lucknow (IN),mist,26.99,31.80,26.99,26.99,997,984,100%,997,2.06,170,0.00,2500
2025-06-30 06:30:34,2025-06-30 06:28:32,2025-06-30 05:45:48,2025-06-30 18:38:57,Chennai (IN),haze,30.01,34.59,28.90,30.48,1004,1004,68%,1004,5.14,280,0.00,5000
2025-06-30 06:30:34,2025-06-30 06:28:32,2025-06-30 05:44:59,2025-06-30 18:54:13,Hyderabad (IN),haze,23.73,24.46,23.73,23.73,1006,942,88%,1006,6.17,250,0.00,5000
2025-06-30 06:30:34,2025-06-30 06:30:34,2025-06-30 05:01:35,2025-06-30 18:44:28,Patna (IN),mist,27.96,34.33,27.96,27.96,997,991,94%,997,0.00,0,0.00,3500
2025-06-30 06:30:34,2025-06-30 06:30:05,2025-06-30 05:35:02,2025-06-30 18:59:10,Nagpur (IN),mist,23.01,23.82,23.01,23.01,1002,968,94%,1002,1.54,200,0.00,3000
2025-06-30 06:30:34,2025-06-30 06:28:35,2025-06-30 05:35:52,2025-06-30 19:24:36,Jaipur (IN),mist,26.62,26.62,26.62,26.62,998,951,78%,998,4.63,270,0.00,2500
2025-06-30 08:49:04,2025-06-30 08:47:21,2025-06-30 05:26:15,2025-06-30 19:23:01,Delhi (IN),mist,27.05,31.32,27.05,27.05,999,973,94%,999,3.09,140,0.00,1800
2025-06-30 08:49:04,2025-06-30 08:47:07,2025-06-30 06:04:19,2025-06-30 19:19:54,Mumbai (IN),mist,27.99,32.54,27.99,28.94,1005,1004,83%,1005,4.12,260,9.26,2500
2025-06-30 08:49:04,2025-06-30 08:49:04,2025-06-30 04:55:02,2025-06-30 18:25:00,Kolkata (IN),broken clouds,27.97,33.48,27.97,27.97,997,996,89%,997,1.54,160,0.00,3500
2025-06-30 08:49:04,2025-06-30 08:43:04,2025-06-30 05:56:43,2025-06-30 18:49:27,Bengaluru (IN),broken clouds,22.44,22.88,21.73,22.80,1010,913,82%,1010,6.17,250,0.00,6000
2025-06-30 08:49:04,2025-06-30 08:47:45,2025-06-30 05:15:37,2025-06-30 19:04:03,Lucknow (IN),mist,28.99,35.99,28.99,28.99,998,985,94%,998,1.54,210,0.00,3000
2025-06-30 08:49:04,2025-06-30 08:41:25,2025-06-30 05:45:48,2025-06-30 18:38:57,Chennai (IN),haze,30.68,35.40,30.01,31.03,1006,1005,65%,1006,7.72,290,0.00,5000
2025-06-30 08:49:04,2025-06-30 08:45:29,2025-06-30 05:44:59,2025-06-30 18:54:13,Hyderabad (IN),haze,25.23,25.71,24.73,25.23,1008,944,73%,1008,6.17,260,0.00,5000
2025-06-30 08:49:04,2025-06-30 08:49:04,2025-06-30 05:01:35,2025-06-30 18:44:28,Patna (IN),mist,30.96,37.96,30.96,30.96,998,992,79%,998,1.54,110,0.00,4000
2025-06-30 08:49:04,2025-06-30 08:49:04,2025-06-30 05:35:02,2025-06-30 18:59:10,Nagpur (IN),mist,25.01,25.73,25.01,25.01,1003,969,83%,1003,2.57,230,0.00,3500
2025-06-30 08:49:04,2025-06-30 08:49:04,2025-06-30 05:35:52,2025-06-30 19:24:36,Jaipur (IN),mist,27.62,30.91,27.62,27.62,1001,953,78%,1001,5.14,260,0.00,2500
2025-06-30 09:56:30,2025-06-30 09:48:41,2025-06-30 05:26:15,2025-06-30 19:23:01,Delhi (IN),mist,28.05,32.71,28.05,28.05,1000,974,83%,1000,3.09,130,0.00,2600
2025-06-30 09:56:30,2025-06-30 09:45:03,2025-06-30 06:04:19,2025-06-30 19:19:54,Mumbai (IN),mist,29.99,36.01,29.94,29.99,1005,1005,74%,1005,5.66,260,10.80,2500
2025-06-30 09:56:30,2025-06-30 09:56:30,2025-06-30 04:55:02,2025-06-30 18:25:00,Kolkata (IN),haze,29.97,36.97,29.97,29.97,997,996,79%,997,2.06,150,0.00,4500
2025-06-30 09:56:31,2025-06-30 09:47:29,2025-06-30 05:56:43,2025-06-30 18:49:27,Bengaluru (IN),scattered clouds,24.45,24.88,22.90,24.80,1011,913,74%,1011,8.75,250,0.00,6000
2025-06-30 09:56:31,2025-06-30 09:56:31,2025-06-30 05:15:37,2025-06-30 19:04:03,Lucknow (IN),mist,29.99,36.99,29.99,29.99,999,986,89%,999,1.03,0,0.00,3000
2025-06-30 09:56:31,2025-06-30 09:50:34,2025-06-30 05:45:48,2025-06-30 18:38:57,Chennai (IN),haze,32.22,37.91,31.16,32.83,1006,1006,61%,1006,7.20,280,0.00,5000
2025-06-30 09:56:31,2025-06-30 09:48:16,2025-06-30 05:44:59,2025-06-30 18:54:13,Hyderabad (IN),haze,26.23,26.23,25.73,26.23,1009,944,69%,1009,9.26,270,0.00,5000
2025-06-30 09:56:31,2025-06-30 09:56:31,2025-06-30 05:01:35,2025-06-30 18:44:28,Patna (IN),haze,31.96,38.96,31.96,31.96,999,992,70%,999,3.09,90,0.00,4500
2025-06-30 09:56:31,2025-06-30 09:56:31,2025-06-30 05:35:02,2025-06-30 18:59:10,Nagpur (IN),mist,26.01,26.01,26.01,26.01,1004,969,78%,1004,4.12,250,0.00,4000
2025-06-30 09:56:31,2025-06-30 09:56:31,2025-06-30 05:35:52,2025-06-30 19:24:36,Jaipur (IN),haze,28.62,32.60,28.62,28.62,1001,953,74%,1001,6.17,270,0.00,3000
2025-06-30 11:48:09,2025-06-30 11:47:46,2025-06-30 05:26:15,2025-06-30 19:23:01,Delhi (IN),mist,29.05,34.66,29.05,29.05,999,974,79%,999,1.54,150,0.00,3500
2025-06-30 11:48:09,2025-06-30 11:40:11,2025-06-30 06:04:19,2025-06-30 19:19:54,Mumbai (IN),broken clouds,28.99,34.50,28.99,29.94,1005,1005,79%,1005,6.69,260,0.00,3000
2025-06-30 11:48:09,2025-06-30 11:44:38,2025-06-30 04:55:02,2025-06-30 18:25:00,Kolkata (IN),haze,30.97,37.97,30.97,30.97,996,995,74%,996,3.09,160,0.00,4000
2025-06-30 11:48:09,2025-06-30 11:45:33,2025-06-30 05:56:43,2025-06-30 18:49:27,Bengaluru (IN),scattered clouds,27.31,28.57,26.39,27.98,1010,912,61%,1010,9.26,250,0.00,6000
2025-06-30 11:48:09,2025-06-30 11:43:37,2025-06-30 05:15:37,2025-06-30 19:04:03,Lucknow (IN),mist,30.99,37.99,30.99,30.99,1000,986,84%,1000,2.57,300,0.00,4000
2025-06-30 11:48:09,2025-06-30 11:43:36,2025-06-30 05:45:48,2025-06-30 18:38:57,Chennai (IN),haze,33.54,39.79,32.83,33.99,1005,1005,57%,1005,4.12,280,9.26,5000
2025-06-30 11:48:09,2025-06-30 11:40:13,2025-06-30 05:44:59,2025-06-30 18:54:13,Hyderabad (IN),haze,28.23,29.92,26.73,28.23,1007,943,61%,1007,10.29,270,0.00,5000
2025-06-30 11:48:09,2025-06-30 11:48:09,2025-06-30 05:01:35,2025-06-30 18:44:28,Patna (IN),broken clouds,28.96,35.96,28.96,28.96,997,991,89%,997,5.14,80,0.00,3500
2025-06-30 11:48:09,2025-06-30 11:48:09,2025-06-30 05:35:02,2025-06-30 18:59:10,Nagpur (IN),mist,28.01,31.24,28.01,28.01,1004,969,74%,1004,5.66,240,0.00,4000
2025-06-30 11:48:09,2025-06-30 11:48:09,2025-06-30 05:35:52,2025-06-30 19:24:36,Jaipur (IN),haze,29.62,34.13,29.62,29.62,1000,953,70%,1000,4.12,260,0.00,3000
2025-06-30 13:47:11,2025-06-30 13:44:23,2025-06-30 05:26:15,2025-06-30 19:23:01,Delhi (IN),mist,30.05,37.05,30.05,30.05,998,972,79%,998,1.54,230,0.00,3500
2025-06-30 13:47:11,2025-06-30 13:46:39,2025-06-30 06:04:19,2025-06-30 19:19:54,Mumbai (IN),haze,29.99,36.01,29.94,29.99,1004,1004,74%,1004,8.23,270,0.00,3000
2025-06-30 13:47:11,2025-06-30 13:42:56,2025-06-30 04:55:02,2025-06-30 18:25:00,Kolkata (IN),broken clouds,31.97,36.42,31.97,31.97,994,993,58%,994,4.12,110,0.00,4500
2025-06-30 13:47:11,2025-06-30 13:44:36,2025-06-30 05:56:43,2025-06-30 18:49:27,Bengaluru (IN),scattered clouds,28.36,29.63,27.84,29.08,1009,911,57%,1009,8.23,260,0.00,8000
2025-06-30 13:47:11,2025-06-30 13:47:11,2025-06-30 05:15:37,2025-06-30 19:04:03,Lucknow (IN),broken clouds,28.99,35.99,28.99,28.99,997,985,94%,997,4.63,300,0.00,3000
2025-06-30 13:47:11,2025-06-30 13:47:11,2025-06-30 05:45:48,2025-06-30 18:38:57,Chennai (IN),scattered clouds,35.37,42.37,34.49,36.03,1003,1002,54%,1003,6.17,300,0.00,6000
2025-06-30 13:47:11,2025-06-30 13:47:11,2025-06-30 05:44:59,2025-06-30 18:54:13,Hyderabad (IN),haze,29.23,31.11,28.73,29.23,1006,942,58%,1006,9.26,280,0.00,5000
2025-06-30 13:47:11,2025-06-30 13:47:11,2025-06-30 05:01:35,2025-06-30 18:44:28,Patna (IN),haze,33.96,40.96,33.96,33.96,995,989,62%,995,4.63,90,0.00,4800
2025-06-30 13:47:11,2025-06-30 13:47:11,2025-06-30 05:35:02,2025-06-30 18:59:10,Nagpur (IN),mist,28.01,30.55,28.01,28.01,1003,968,69%,1003,5.14,240,0.00,4000
2025-06-30 13:47:12,2025-06-30 13:47:12,2025-06-30 05:35:52,2025-06-30 19:24:36,Jaipur (IN),haze,30.62,35.52,30.62,30.62,1000,951,66%,1000,3.60,260,0.00,4000
2025-06-30 15:42:59,2025-06-30 15:41:43,2025-06-30 05:26:15,2025-06-30 19:23:01,Delhi (IN),mist,30.05,37.05,30.05,30.05,997,971,79%,997,3.60,120,0.00,3500
2025-06-30 15:42:59,2025-06-30 15:28:43,2025-06-30 06:04:19,2025-06-30 19:19:54,Mumbai (IN),broken clouds,28.99,34.50,28.94,28.99,1003,1002,79%,1003,3.60,260,8.75,2500
2025-06-30 15:42:59,2025-06-30 15:34:39,2025-06-30 04:55:02,2025-06-30 18:25:00,Kolkata (IN),thunderstorm with light rain,28.97,35.97,28.97,28.97,994,993,89%,994,4.12,190,0.00,3200
2025-06-30 15:42:59,2025-06-30 15:29:27,2025-06-30 05:56:43,2025-06-30 18:49:27,Bengaluru (IN),scattered clouds,29.01,30.05,27.84,29.90,1007,909,53%,1007,8.23,260,0.00,8000
2025-06-30 15:42:59,2025-06-30 15:42:27,2025-06-30 05:15:37,2025-06-30 19:04:03,Lucknow (IN),moderate rain,26.99,31.80,26.99,26.99,997,983,100%,997,2.06,140,0.00,3000
2025-06-30 15:42:59,2025-06-30 15:41:35,2025-06-30 05:45:48,2025-06-30 18:38:57,Chennai (IN),scattered clouds,36.52,43.52,35.61,36.99,1002,1002,50%,1002,5.14,290,0.00,6000
2025-06-30 15:42:59,2025-06-30 15:42:59,2025-06-30 05:44:59,2025-06-30 18:54:13,Hyderabad (IN),overcast clouds,29.73,32.51,29.73,29.73,1005,940,61%,1005,8.23,260,0.00,6000
2025-06-30 15:42:59,2025-06-30 15:42:59,2025-06-30 05:01:35,2025-06-30 18:44:28,Patna (IN),haze,33.96,40.96,33.96,33.96,994,988,62%,994,4.12,100,0.00,5000
2025-06-30 15:42:59,2025-06-30 15:38:55,2025-06-30 05:35:02,2025-06-30 18:59:10,Nagpur (IN),haze,29.01,31.86,29.01,29.01,1001,966,65%,1001,5.14,260,0.00,4500
2025-06-30 15:42:59,2025-06-30 15:36:51,2025-06-30 05:35:52,2025-06-30 19:24:36,Jaipur (IN),haze,31.62,36.78,31.62,31.62,998,950,62%,998,3.09,220,0.00,4000
2025-06-30 17:52:14,2025-06-30 17:44:32,2025-06-30 05:26:15,2025-06-30 19:23:01,Delhi (IN),mist,29.05,36.05,29.05,29.05,996,971,89%,996,1.54,100,0.00,2800
2025-06-30 17:52:14,2025-06-30 17:40:21,2025-06-30 06:04:19,2025-06-30 19:19:54,Mumbai (IN),broken clouds,28.99,34.50,27.94,28.99,1003,1003,79%,1003,8.23,260,0.00,1500
2025-06-30 17:52:14,2025-06-30 17:44:03,2025-06-30 04:55:02,2025-06-30 18:25:00,Kolkata (IN),light rain,28.97,35.97,28.97,28.97,994,994,89%,994,1.54,130,0.00,2600
2025-06-30 17:52:14,2025-06-30 17:47:51,2025-06-30 05:56:43,2025-06-30 18:49:27,Bengaluru (IN),scattered clouds,28.17,29.59,27.40,29.08,1007,910,59%,1007,7.20,250,0.00,8000
2025-06-30 17:52:14,2025-06-30 17:52:14,2025-06-30 05:15:37,2025-06-30 19:04:03,Lucknow (IN),overcast clouds,22.63,23.25,22.63,22.63,997,982,88%,997,2.77,44,2.59,10000
2025-06-30 17:52:14,2025-06-30 17:39:09,2025-06-30 05:45:48,2025-06-30 18:38:57,Chennai (IN),broken clouds,34.77,41.72,33.94,34.99,1002,1001,54%,1002,3.60,210,0.00,6000
2025-06-30 17:52:14,2025-06-30 17:52:14,2025-06-30 05:44:59,2025-06-30 18:54:13,Hyderabad (IN),haze,28.23,30.43,27.73,28.23,1003,940,65%,1003,5.14,250,0.00,5000
2025-06-30 17:52:14,2025-06-30 17:51:10,2025-06-30 05:01:35,2025-06-30 18:44:28,Patna (IN),haze,33.96,40.96,33.96,33.96,994,988,62%,994,4.12,80,0.00,5000
2025-06-30 17:52:14,2025-06-30 17:52:14,2025-06-30 05:35:02,2025-06-30 18:59:10,Nagpur (IN),broken clouds,27.01,30.05,27.01,27.01,1000,966,83%,1000,2.06,310,0.00,3500
2025-06-30 17:52:14,2025-06-30 17:45:03,2025-06-30 05:35:52,2025-06-30 19:24:36,Jaipur (IN),haze,31.62,36.78,31.62,31.62,997,950,62%,997,3.09,210,0.00,4000
2025-06-30 19:41:43,2025-06-30 19:35:45,2025-06-30 05:26:15,2025-06-30 19:23:01,Delhi (IN),light intensity drizzle,28.05,33.73,28.05,28.05,998,972,89%,998,2.06,170,0.00,3000
2025-06-30 19:41:43,2025-06-30 19:37:00,2025-06-30 06:04:19,2025-06-30 19:19:54,Mumbai (IN),mist,27.99,32.54,27.99,27.99,1004,1004,83%,1004,6.17,260,11.32,2500
2025-06-30 19:41:43,2025-06-30 19:38:16,2025-06-30 04:55:02,2025-06-30 18:25:00,Kolkata (IN),haze,28.97,35.97,28.97,28.97,996,995,89%,996,1.54,130,0.00,2800
2025-06-30 19:41:43,2025-06-30 19:38:41,2025-06-30 05:56:43,2025-06-30 18:49:27,Bengaluru (IN),scattered clouds,25.79,26.15,25.18,26.90,1009,912,66%,1009,6.69,250,0.00,6000
2025-06-30 19:41:43,2025-06-30 19:41:43,2025-06-30 05:15:37,2025-06-30 19:04:03,Lucknow (IN),overcast clouds,26.99,31.13,26.99,26.99,997,983,94%,997,2.06,350,0.00,3000
2025-06-30 19:41:43,2025-06-30 19:37:21,2025-06-30 05:45:48,2025-06-30 18:38:57,Chennai (IN),haze,32.27,39.27,32.14,32.99,1004,1003,74%,1004,2.57,50,0.00,4500
2025-06-30 19:41:43,2025-06-30 19:40:24,2025-06-30 05:44:59,2025-06-30 18:54:13,Hyderabad (IN),broken clouds,23.23,24.06,23.23,26.73,1006,941,94%,1006,7.72,300,12.86,3000
2025-06-30 19:41:43,2025-06-30 19:41:43,2025-06-30 05:01:35,2025-06-30 18:44:28,Patna (IN),haze,31.96,38.96,31.96,31.96,996,990,70%,996,4.63,80,0.00,5000
2025-06-30 19:41:43,2025-06-30 19:38:15,2025-06-30 05:35:02,2025-06-30 18:59:10,Nagpur (IN),overcast clouds,24.01,25.08,24.01,24.01,1001,967,100%,1001,2.06,270,0.00,3000
2025-06-30 19:41:43,2025-06-30 19:41:43,2025-06-30 05:35:52,2025-06-30 19:24:36,Jaipur (IN),haze,31.62,35.65,31.62,31.62,998,950,58%,998,2.57,170,0.00,4000
2025-06-30 21:44:06,2025-06-30 21:39:21,2025-06-30 05:26:15,2025-06-30 19:23:01,Delhi (IN),mist,27.05,31.32,27.05,27.05,998,972,94%,998,2.06,80,0.00,3200
2025-06-30 21:44:06,2025-06-30 21:35:18,2025-06-30 06:04:19,2025-06-30 19:19:54,Mumbai (IN),mist,26.99,30.00,26.99,26.99,1005,1005,83%,1005,6.17,260,12.35,2500
2025-06-30 21:44:06,2025-06-30 21:44:06,2025-06-30 04:55:02,2025-06-30 18:25:00,Kolkata (IN),haze,27.97,34.36,27.97,27.97,998,997,94%,998,2.06,150,0.00,2800
2025-06-30 21:44:06,2025-06-30 21:38:26,2025-06-30 05:56:43,2025-06-30 18:49:27,Bengaluru (IN),scattered clouds,23.78,24.15,22.84,24.90,1011,913,74%,1011,6.17,250,0.00,6000
2025-06-30 21:44:06,2025-06-30 21:44:06,2025-06-30 05:15:37,2025-06-30 19:04:03,Lucknow (IN),mist,26.99,31.80,26.99,26.99,998,984,100%,998,2.57,60,0.00,3000
2025-06-30 21:44:06,2025-06-30 21:40:19,2025-06-30 05:45:48,2025-06-30 18:38:57,Chennai (IN),mist,31.48,38.48,31.03,32.35,1006,1005,80%,1006,3.60,70,0.00,4000
2025-06-30 21:44:06,2025-06-30 21:44:06,2025-06-30 05:44:59,2025-06-30 18:54:13,Hyderabad (IN),moderate rain,23.23,24.06,22.73,23.23,1008,942,94%,1008,6.17,290,0.00,3000
2025-06-30 21:44:06,2025-06-30 21:44:06,2025-06-30 05:01:35,2025-06-30 18:44:28,Patna (IN),mist,29.96,35.93,29.96,29.96,997,991,74%,997,7.72,120,0.00,4000
2025-06-30 21:44:06,2025-06-30 21:44:06,2025-06-30 05:35:02,2025-06-30 18:59:10,Nagpur (IN),mist,25.01,26.02,25.01,25.01,1002,968,94%,1002,1.54,200,0.00,3000
2025-06-30 21:44:06,2025-06-30 21:44:06,2025-06-30 05:35:52,2025-06-30 19:24:36,Jaipur (IN),haze,30.62,35.52,30.62,30.62,999,951,66%,999,1.54,180,0.00,4000
2025-06-30 23:45:53,2025-06-30 23:35:20,2025-06-30 05:26:15,2025-06-30 19:23:01,Delhi (IN),mist,27.05,31.32,27.05,27.05,998,973,94%,998,1.03,110,0.00,2500
2025-06-30 23:45:53,2025-06-30 23:39:46,2025-06-30 06:04:19,2025-06-30 19:19:54,Mumbai (IN),mist,27.99,31.77,27.99,27.99,1006,1005,78%,1006,5.14,260,10.29,2500
2025-06-30 23:45:53,2025-06-30 23:37:07,2025-06-30 04:55:02,2025-06-30 18:25:00,Kolkata (IN),haze,27.97,34.36,27.97,27.97,998,997,94%,998,1.54,110,0.00,2600
2025-06-30 23:45:53,2025-06-30 23:36:02,2025-06-30 05:56:43,2025-06-30 18:49:27,Bengaluru (IN),scattered clouds,22.71,23.10,21.73,23.61,1011,913,79%,1011,3.60,250,0.00,6000
2025-06-30 23:45:53,2025-06-30 23:45:53,2025-06-30 05:15:37,2025-06-30 19:04:03,Lucknow (IN),mist,25.99,25.99,25.99,25.99,999,984,100%,999,1.54,80,0.00,3000
2025-06-30 23:45:53,2025-06-30 23:36:07,2025-06-30 05:45:48,2025-06-30 18:38:57,Chennai (IN),haze,31.64,38.64,30.48,32.25,1006,1005,72%,1006,3.09,190,0.00,4000
2025-06-30 23:45:53,2025-06-30 23:40:43,2025-06-30 05:44:59,2025-06-30 18:54:13,Hyderabad (IN),drizzle,22.73,23.51,22.73,22.73,1006,943,94%,1006,6.17,270,0.00,4000
2025-06-30 23:45:53,2025-06-30 23:45:53,2025-06-30 05:01:35,2025-06-30 18:44:28,Patna (IN),thunderstorm with light rain,26.96,31.70,26.96,26.96,997,991,100%,997,2.57,100,0.00,3000
2025-06-30 23:45:53,2025-06-30 23:45:53,2025-06-30 05:35:02,2025-06-30 18:59:10,Nagpur (IN),mist,25.01,25.86,25.01,25.01,1002,968,88%,1002,1.54,220,0.00,4000
2025-06-30 23:45:53,2025-06-30 23:36:49,2025-06-30 05:35:52,2025-06-30 19:24:36,Jaipur (IN),haze,29.62,34.13,29.62,29.62,999,952,70%,999,1.54,0,0.00,4000
2025-07-01 01:42:38,2025-07-01 01:42:38,2025-07-01 05:26:36,2025-07-01 19:23:02,Delhi (IN),mist,27.05,31.32,27.05,27.05,999,973,94%,999,2.57,100,0.00,2500
2025-07-01 01:42:38,2025-07-01 01:42:01,2025-07-01 06:04:36,2025-07-01 19:19:59,Mumbai (IN),mist,27.99,31.77,27.99,27.99,1004,1003,78%,1004,6.69,260,11.83,2500
2025-07-01 01:42:38,2025-07-01 01:40:43,2025-07-01 04:55:21,2025-07-01 18:25:03,Kolkata (IN),haze,27.97,33.48,27.97,27.97,997,996,89%,997,2.06,130,0.00,2600
2025-07-01 01:42:38,2025-07-01 01:39:41,2025-07-01 05:56:58,2025-07-01 18:49:34,Bengaluru (IN),few clouds,21.87,22.28,21.17,22.50,1011,912,83%,1011,4.63,270,0.00,6000
2025-07-01 01:42:38,2025-07-01 01:42:38,2025-07-01 05:15:57,2025-07-01 19:04:04,Lucknow (IN),mist,25.99,25.99,25.99,25.99,999,984,100%,999,1.03,0,0.00,3000
2025-07-01 01:42:38,2025-07-01 01:37:51,2025-07-01 05:46:04,2025-07-01 18:39:04,Chennai (IN),haze,30.86,36.93,30.48,31.14,1004,1003,69%,1004,4.12,220,0.00,4000
2025-07-01 01:42:38,2025-07-01 01:40:17,2025-07-01 05:45:16,2025-07-01 18:54:18,Hyderabad (IN),light intensity drizzle,22.73,23.51,22.73,22.73,1007,942,94%,1007,6.17,260,0.00,4000
2025-07-01 01:42:38,2025-07-01 01:42:38,2025-07-01 05:01:55,2025-07-01 18:44:30,Patna (IN),overcast clouds,26.96,31.70,26.96,26.96,997,991,100%,997,3.09,90,0.00,3000
2025-07-01 01:42:38,2025-07-01 01:42:38,2025-07-01 05:35:20,2025-07-01 18:59:13,Nagpur (IN),overcast clouds,25.01,25.86,25.01,25.01,1002,967,88%,1002,1.03,290,0.00,4000
2025-07-01 01:42:38,2025-07-01 01:41:48,2025-07-01 05:36:12,2025-07-01 19:24:37,Jaipur (IN),haze,29.62,35.04,29.62,29.62,999,951,74%,999,2.57,200,0.00,3000
2025-07-01 03:41:08,2025-07-01 03:31:02,2025-07-01 05:26:36,2025-07-01 19:23:02,Delhi (IN),overcast clouds,27.05,32.02,27.05,27.05,998,972,100%,998,2.06,80,0.00,2200
2025-07-01 03:41:08,2025-07-01 03:35:09,2025-07-01 06:04:36,2025-07-01 19:19:59,Mumbai (IN),mist,27.99,32.54,27.99,27.99,1003,1002,83%,1003,5.14,260,10.29,2500
2025-07-01 03:41:08,2025-07-01 03:37:07,2025-07-01 04:55:21,2025-07-01 18:25:03,Kolkata (IN),haze,26.97,31.07,26.97,26.97,997,996,94%,997,1.54,130,0.00,2600
2025-07-01 03:41:08,2025-07-01 03:35:11,2025-07-01 05:56:58,2025-07-01 18:49:34,Bengaluru (IN),scattered clouds,21.03,21.43,20.62,21.39,1010,911,86%,1010,5.14,260,0.00,6000
2025-07-01 03:41:08,2025-07-01 03:41:08,2025-07-01 05:15:57,2025-07-01 19:04:04,Lucknow (IN),overcast clouds,28.44,35.38,28.44,28.44,998,984,91%,998,2.07,77,2.65,10000
2025-07-01 03:41:08,2025-07-01 03:38:51,2025-07-01 05:46:04,2025-07-01 18:39:04,Chennai (IN),haze,30.52,36.07,30.00,30.99,1004,1003,69%,1004,5.14,260,0.00,4000
2025-07-01 03:41:08,2025-07-01 03:35:12,2025-07-01 05:45:16,2025-07-01 18:54:18,Hyderabad (IN),light intensity drizzle,22.73,23.51,22.73,22.73,1006,941,94%,1006,6.17,250,0.00,4000
2025-07-01 03:41:08,2025-07-01 03:41:08,2025-07-01 05:01:55,2025-07-01 18:44:30,Patna (IN),mist,27.96,34.33,27.96,27.96,997,991,94%,997,2.06,70,0.00,3000
2025-07-01 03:41:08,2025-07-01 03:41:08,2025-07-01 05:35:20,2025-07-01 18:59:13,Nagpur (IN),overcast clouds,24.01,24.92,24.01,24.01,1001,966,94%,1001,2.06,220,0.00,3000
2025-07-01 03:41:08,2025-07-01 03:36:30,2025-07-01 05:36:12,2025-07-01 19:24:37,Jaipur (IN),mist,28.62,32.60,28.62,28.62,999,951,74%,999,5.14,270,0.00,3000
2025-07-01 06:33:45,2025-07-01 06:24:24,2025-07-01 05:26:36,2025-07-01 19:23:02,Delhi (IN),mist,26.05,26.05,26.05,26.05,999,974,94%,999,2.06,40,0.00,2200
2025-07-01 06:33:45,2025-07-01 06:25:03,2025-07-01 06:04:36,2025-07-01 19:19:59,Mumbai (IN),mist,27.99,31.77,27.99,27.99,1004,1003,78%,1004,6.17,260,0.00,2500
2025-07-01 06:33:45,2025-07-01 06:30:04,2025-07-01 04:55:21,2025-07-01 18:25:03,Kolkata (IN),haze,27.97,34.36,27.97,27.97,998,997,94%,998,2.06,110,0.00,2600
2025-07-01 06:33:45,2025-07-01 06:30:39,2025-07-01 05:56:58,2025-07-01 18:49:34,Bengaluru (IN),scattered clouds,20.43,20.83,19.50,21.39,1010,912,88%,1010,5.14,250,0.00,6000
2025-07-01 06:33:45,2025-07-01 06:30:05,2025-07-01 05:15:57,2025-07-01 19:04:04,Lucknow (IN),mist,26.99,31.13,26.99,26.99,999,985,94%,999,1.03,0,0.00,3000
2025-07-01 06:33:46,2025-07-01 06:30:04,2025-07-01 05:46:04,2025-07-01 18:39:04,Chennai (IN),haze,29.92,34.84,29.45,30.03,1005,1004,70%,1005,5.14,260,0.00,4000
2025-07-01 06:33:46,2025-07-01 06:30:12,2025-07-01 05:45:16,2025-07-01 18:54:18,Hyderabad (IN),light intensity drizzle,23.73,24.46,23.73,23.73,1006,942,88%,1006,6.17,250,0.00,4000
2025-07-01 06:33:46,2025-07-01 06:33:17,2025-07-01 05:01:55,2025-07-01 18:44:30,Patna (IN),mist,28.96,35.96,28.96,28.96,998,992,94%,998,4.12,90,0.00,3000
2025-07-01 06:33:46,2025-07-01 06:30:05,2025-07-01 05:35:20,2025-07-01 18:59:13,Nagpur (IN),mist,25.01,26.02,25.01,25.01,1001,967,94%,1001,1.03,240,0.00,3000
2025-07-01 06:33:46,2025-07-01 06:31:03,2025-07-01 05:36:12,2025-07-01 19:24:37,Jaipur (IN),mist,27.62,30.91,27.62,27.62,999,952,78%,999,5.14,270,0.00,3000
2025-07-01 08:54:09,2025-07-01 08:51:34,2025-07-01 05:26:36,2025-07-01 19:23:02,Delhi (IN),overcast clouds,27.05,30.77,27.05,27.05,1001,975,89%,1001,1.03,30,0.00,2500
2025-07-01 08:54:09,2025-07-01 08:51:34,2025-07-01 06:04:36,2025-07-01 19:19:59,Mumbai (IN),broken clouds,27.99,32.54,27.94,27.99,1005,1005,83%,1005,4.63,230,0.00,2500
2025-07-01 08:54:09,2025-07-01 08:52:44,2025-07-01 04:55:21,2025-07-01 18:25:03,Kolkata (IN),haze,29.97,36.97,29.97,29.97,999,999,84%,999,4.12,120,0.00,3500
2025-07-01 08:54:09,2025-07-01 08:51:27,2025-07-01 05:56:58,2025-07-01 18:49:34,Bengaluru (IN),scattered clouds,22.67,23.11,22.28,22.95,1011,913,81%,1011,5.14,250,0.00,6000
2025-07-01 08:54:09,2025-07-01 08:54:09,2025-07-01 05:15:57,2025-07-01 19:04:04,Lucknow (IN),mist,28.99,35.99,28.99,28.99,999,987,89%,999,3.09,110,0.00,4000
2025-07-01 08:54:10,2025-07-01 08:51:23,2025-07-01 05:46:04,2025-07-01 18:39:04,Chennai (IN),scattered clouds,31.92,38.13,31.70,32.23,1006,1006,64%,1006,5.14,260,10.29,6000
2025-07-01 08:54:10,2025-07-01 08:50:13,2025-07-01 05:45:16,2025-07-01 18:54:18,Hyderabad (IN),mist,24.23,24.88,23.73,24.23,1008,944,83%,1008,6.17,260,0.00,4000
2025-07-01 08:54:10,2025-07-01 08:54:10,2025-07-01 05:01:55,2025-07-01 18:44:30,Patna (IN),mist,28.96,35.96,28.96,28.96,999,993,89%,999,3.60,110,0.00,3500
2025-07-01 08:54:10,2025-07-01 08:54:10,2025-07-01 05:35:20,2025-07-01 18:59:13,Nagpur (IN),haze,25.01,25.86,25.01,25.01,1003,968,88%,1003,2.57,240,0.00,4000
2025-07-01 08:54:10,2025-07-01 08:54:10,2025-07-01 05:36:12,2025-07-01 19:24:37,Jaipur (IN),mist,27.62,31.57,27.62,27.62,1002,954,83%,1002,4.12,280,0.00,3000
2025-07-01 10:01:02,2025-07-01 09:51:03,2025-07-01 05:26:36,2025-07-01 19:23:02,Delhi (IN),mist,27.05,30.77,27.05,27.05,1001,975,89%,1001,2.57,100,0.00,2800
2025-07-01 10:01:02,2025-07-01 09:50:03,2025-07-01 06:04:36,2025-07-01 19:19:59,Mumbai (IN),haze,27.99,31.77,27.99,28.94,1006,1005,78%,1006,3.09,240,0.00,2500
2025-07-01 10:01:02,2025-07-01 10:00:32,2025-07-01 04:55:21,2025-07-01 18:25:03,Kolkata (IN),haze,30.97,37.97,30.97,30.97,999,999,79%,999,3.60,140,0.00,3500
2025-07-01 10:01:02,2025-07-01 09:52:37,2025-07-01 05:56:58,2025-07-01 18:49:34,Bengaluru (IN),broken clouds,23.52,23.96,22.84,23.80,1012,914,78%,1012,6.17,250,0.00,6000
2025-07-01 10:01:02,2025-07-01 10:00:05,2025-07-01 05:15:57,2025-07-01 19:04:04,Lucknow (IN),mist,28.99,35.99,28.99,28.99,1000,986,89%,1000,3.09,90,0.00,4000
2025-07-01 10:01:02,2025-07-01 09:57:07,2025-07-01 05:46:04,2025-07-01 18:39:04,Chennai (IN),scattered clouds,32.95,39.39,31.99,33.36,1006,1006,60%,1006,5.14,260,10.29,6000
2025-07-01 10:01:02,2025-07-01 10:00:14,2025-07-01 05:45:16,2025-07-01 18:54:18,Hyderabad (IN),mist,24.23,24.88,24.23,24.73,1007,944,83%,1007,6.69,260,0.00,4000
2025-07-01 10:01:02,2025-07-01 10:01:02,2025-07-01 05:01:55,2025-07-01 18:44:30,Patna (IN),mist,29.96,36.96,29.96,29.96,999,993,84%,999,4.63,100,0.00,3500
2025-07-01 10:01:02,2025-07-01 10:01:02,2025-07-01 05:35:20,2025-07-01 18:59:13,Nagpur (IN),broken clouds,26.01,26.01,26.01,26.01,1003,969,83%,1003,3.09,260,0.00,4000
2025-07-01 10:01:02,2025-07-01 10:00:05,2025-07-01 05:36:12,2025-07-01 19:24:37,Jaipur (IN),mist,28.62,33.51,28.62,28.62,1001,954,79%,1001,3.60,310,0.00,3000
2025-07-01 11:47:42,2025-07-01 11:38:40,2025-07-01 05:26:36,2025-07-01 19:23:02,Delhi (IN),mist,29.05,34.66,29.05,29.05,1000,975,79%,1000,1.54,30,0.00,3500
2025-07-01 11:47:42,2025-07-01 11:47:42,2025-07-01 06:04:36,2025-07-01 19:19:59,Mumbai (IN),haze,28.99,33.47,28.99,29.94,1006,1005,74%,1006,5.14,260,10.29,2500
2025-07-01 11:47:42,2025-07-01 11:45:22,2025-07-01 04:55:21,2025-07-01 18:25:03,Kolkata (IN),haze,30.97,37.97,30.97,30.97,999,997,79%,999,5.14,150,0.00,3500
2025-07-01 11:47:42,2025-07-01 11:41:37,2025-07-01 05:56:58,2025-07-01 18:49:34,Bengaluru (IN),broken clouds,26.38,26.38,24.50,28.54,1011,913,68%,1011,7.20,260,0.00,6000
2025-07-01 11:47:42,2025-07-01 11:47:42,2025-07-01 05:15:57,2025-07-01 19:04:04,Lucknow (IN),scattered clouds,30.99,37.99,30.99,30.99,1000,985,79%,1000,2.57,140,0.00,4000
2025-07-01 11:47:42,2025-07-01 11:44:26,2025-07-01 05:46:04,2025-07-01 18:39:04,Chennai (IN),broken clouds,34.60,41.60,33.38,35.05,1006,1005,56%,1006,5.14,300,10.29,6000
2025-07-01 11:47:42,2025-07-01 11:45:17,2025-07-01 05:45:16,2025-07-01 18:54:18,Hyderabad (IN),light intensity drizzle,26.23,26.23,25.73,26.23,1007,944,73%,1007,7.72,260,12.86,4000
2025-07-01 11:47:42,2025-07-01 11:47:42,2025-07-01 05:01:55,2025-07-01 18:44:30,Patna (IN),overcast clouds,27.96,34.33,27.96,27.96,999,992,94%,999,4.12,150,0.00,3500
2025-07-01 11:47:42,2025-07-01 11:45:03,2025-07-01 05:35:20,2025-07-01 18:59:13,Nagpur (IN),overcast clouds,26.01,26.01,26.01,26.01,1003,968,83%,1003,3.09,240,0.00,4000
2025-07-01 11:47:42,2025-07-01 11:39:03,2025-07-01 05:36:12,2025-07-01 19:24:37,Jaipur (IN),overcast clouds,31.45,38.45,31.45,31.45,1001,953,69%,1001,3.79,329,4.76,10000
2025-07-01 13:46:29,2025-07-01 13:39:09,2025-07-01 05:26:36,2025-07-01 19:23:02,Delhi (IN),haze,32.05,39.05,32.05,32.05,1000,973,66%,1000,2.06,60,0.00,4000
2025-07-01 13:46:29,2025-07-01 13:44:49,2025-07-01 06:04:36,2025-07-01 19:19:59,Mumbai (IN),haze,29.99,35.01,29.94,29.99,1004,1004,70%,1004,8.23,260,0.00,3000
2025-07-01 13:46:29,2025-07-01 13:46:29,2025-07-01 04:55:21,2025-07-01 18:25:03,Kolkata (IN),haze,29.97,36.97,29.97,29.97,997,996,84%,997,4.12,90,0.00,3200
2025-07-01 13:46:29,2025-07-01 13:45:41,2025-07-01 05:56:58,2025-07-01 18:49:34,Bengaluru (IN),overcast clouds,27.83,29.00,26.90,28.54,1009,911,58%,1009,8.75,273,10.84,10000
2025-07-01 13:46:29,2025-07-01 13:46:29,2025-07-01 05:15:57,2025-07-01 19:04:04,Lucknow (IN),haze,30.99,37.99,30.99,30.99,998,983,84%,998,2.57,60,0.00,5000
2025-07-01 13:46:29,2025-07-01 13:45:59,2025-07-01 05:46:04,2025-07-01 18:39:04,Chennai (IN),broken clouds,34.99,41.99,34.92,35.61,1004,1002,55%,1004,7.72,300,0.00,6000
2025-07-01 13:46:29,2025-07-01 13:46:29,2025-07-01 05:45:16,2025-07-01 18:54:18,Hyderabad (IN),overcast clouds,26.23,26.23,26.23,26.73,1007,942,78%,1007,7.20,250,0.00,4000
2025-07-01 13:46:29,2025-07-01 13:46:29,2025-07-01 05:01:55,2025-07-01 18:44:30,Patna (IN),mist,30.96,37.96,30.96,30.96,996,990,79%,996,4.63,110,0.00,4500
2025-07-01 13:46:29,2025-07-01 13:46:02,2025-07-01 05:35:20,2025-07-01 18:59:13,Nagpur (IN),haze,28.01,31.82,28.01,28.01,1002,967,78%,1002,2.57,250,0.00,4000
2025-07-01 13:46:29,2025-07-01 13:41:38,2025-07-01 05:36:12,2025-07-01 19:24:37,Jaipur (IN),mist,28.62,32.60,28.62,28.62,1001,951,74%,1001,3.09,20,0.00,3000
2025-07-01 15:43:00,2025-07-01 15:35:02,2025-07-01 05:26:36,2025-07-01 19:23:02,Delhi (IN),haze,33.05,40.05,33.05,33.05,998,972,62%,998,3.60,90,0.00,4500
2025-07-01 15:43:00,2025-07-01 15:43:00,2025-07-01 06:04:36,2025-07-01 19:19:59,Mumbai (IN),haze,29.99,36.01,29.94,29.99,1004,1003,74%,1004,6.17,250,11.32,3000
2025-07-01 15:43:00,2025-07-01 15:38:46,2025-07-01 04:55:21,2025-07-01 18:25:03,Kolkata (IN),haze,29.97,36.97,29.97,29.97,996,995,84%,996,3.60,110,0.00,3200
2025-07-01 15:43:00,2025-07-01 15:36:59,2025-07-01 05:56:58,2025-07-01 18:49:34,Bengaluru (IN),broken clouds,26.66,26.66,25.73,27.90,1009,910,67%,1009,6.69,250,0.00,6000
2025-07-01 15:43:00,2025-07-01 15:43:00,2025-07-01 05:15:57,2025-07-01 19:04:04,Lucknow (IN),thunderstorm with light rain,25.99,25.99,25.99,25.99,997,982,100%,997,5.14,100,0.00,3000
2025-07-01 15:43:00,2025-07-01 15:40:41,2025-07-01 05:46:04,2025-07-01 18:39:04,Chennai (IN),haze,35.36,42.36,34.44,35.99,1003,1001,55%,1003,6.17,290,0.00,5000
2025-07-01 15:43:00,2025-07-01 15:43:00,2025-07-01 05:45:16,2025-07-01 18:54:18,Hyderabad (IN),light intensity drizzle,26.73,29.00,26.73,26.73,1006,941,78%,1006,6.17,260,11.32,4000
2025-07-01 15:43:00,2025-07-01 15:43:00,2025-07-01 05:01:55,2025-07-01 18:44:30,Patna (IN),scattered clouds,33.96,40.96,33.96,33.96,994,988,62%,994,4.12,120,0.00,6000
2025-07-01 15:43:00,2025-07-01 15:43:00,2025-07-01 05:35:20,2025-07-01 18:59:13,Nagpur (IN),mist,28.01,31.82,28.01,28.01,1001,966,78%,1001,3.60,260,0.00,4000
2025-07-01 15:43:00,2025-07-01 15:43:00,2025-07-01 05:36:12,2025-07-01 19:24:37,Jaipur (IN),haze,30.62,35.52,30.62,30.62,999,951,66%,999,1.54,360,0.00,3000
2025-07-01 17:52:27,2025-07-01 17:42:42,2025-07-01 05:26:36,2025-07-01 19:23:02,Delhi (IN),haze,33.05,40.05,33.05,33.05,997,972,62%,997,2.06,90,0.00,4500
2025-07-01 17:52:27,2025-07-01 17:50:12,2025-07-01 06:04:36,2025-07-01 19:19:59,Mumbai (IN),haze,28.99,34.50,28.94,28.99,1004,1003,79%,1004,3.60,260,8.75,3000
2025-07-01 17:52:27,2025-07-01 17:45:26,2025-07-01 04:55:21,2025-07-01 18:25:03,Kolkata (IN),haze,29.97,36.97,29.97,29.97,996,996,84%,996,2.57,150,0.00,3200
2025-07-01 17:52:27,2025-07-01 17:52:27,2025-07-01 05:56:58,2025-07-01 18:49:34,Bengaluru (IN),broken clouds,26.20,26.20,24.50,27.98,1008,911,69%,1008,3.60,250,0.00,6000
2025-07-01 17:52:27,2025-07-01 17:52:27,2025-07-01 05:15:57,2025-07-01 19:04:04,Lucknow (IN),mist,27.99,34.43,27.99,27.99,996,982,94%,996,2.06,30,0.00,4000
2025-07-01 17:52:27,2025-07-01 17:52:27,2025-07-01 05:46:04,2025-07-01 18:39:04,Chennai (IN),haze,34.35,41.35,33.90,35.13,1003,1002,58%,1003,4.12,280,0.00,5000
2025-07-01 17:52:27,2025-07-01 17:52:27,2025-07-01 05:45:16,2025-07-01 18:54:18,Hyderabad (IN),haze,28.23,30.43,27.73,28.23,1004,941,65%,1004,6.17,260,11.32,4000
2025-07-01 17:52:27,2025-07-01 17:52:27,2025-07-01 05:01:55,2025-07-01 18:44:30,Patna (IN),scattered clouds,32.96,39.96,32.96,32.96,995,989,66%,995,3.60,100,0.00,6000
2025-07-01 17:52:27,2025-07-01 17:52:27,2025-07-01 05:35:20,2025-07-01 18:59:13,Nagpur (IN),mist,28.01,31.82,28.01,28.01,1000,966,78%,1000,4.12,230,0.00,4000
2025-07-01 17:52:27,2025-07-01 17:52:27,2025-07-01 05:36:12,2025-07-01 19:24:37,Jaipur (IN),haze,29.62,35.04,29.62,29.62,998,951,74%,998,2.06,80,0.00,3000
2025-07-01 19:41:26,2025-07-01 19:37:12,2025-07-01 05:26:36,2025-07-01 19:23:02,Delhi (IN),haze,32.05,39.05,32.05,32.05,998,972,66%,998,2.06,140,0.00,3500
2025-07-01 19:41:26,2025-07-01 19:40:59,2025-07-01 06:04:36,2025-07-01 19:19:59,Mumbai (IN),broken clouds,27.99,31.77,27.99,27.99,1004,1004,78%,1004,4.12,250,0.00,3000
2025-07-01 19:41:26,2025-07-01 19:40:48,2025-07-01 04:55:21,2025-07-01 18:25:03,Kolkata (IN),haze,29.97,36.97,29.97,29.97,998,997,84%,998,2.57,130,0.00,3200
2025-07-01 19:41:26,2025-07-01 19:41:21,2025-07-01 05:56:58,2025-07-01 18:49:34,Bengaluru (IN),broken clouds,24.42,24.88,22.84,26.04,1009,912,75%,1009,4.63,240,0.00,6000
2025-07-01 19:41:26,2025-07-01 19:41:26,2025-07-01 05:15:57,2025-07-01 19:04:04,Lucknow (IN),mist,27.99,34.43,27.99,27.99,997,983,94%,997,1.03,0,0.00,4000
2025-07-01 19:41:26,2025-07-01 19:41:26,2025-07-01 05:46:04,2025-07-01 18:39:04,Chennai (IN),haze,32.89,39.89,32.14,33.99,1004,1003,64%,1004,1.03,0,0.00,5000
2025-07-01 19:41:26,2025-07-01 19:40:29,2025-07-01 05:45:16,2025-07-01 18:54:18,Hyderabad (IN),overcast clouds,26.23,26.23,22.73,26.23,1006,942,78%,1006,7.72,260,12.86,3000
2025-07-01 19:41:26,2025-07-01 19:41:26,2025-07-01 05:01:55,2025-07-01 18:44:30,Patna (IN),overcast clouds,26.96,31.70,26.96,26.96,997,990,100%,997,3.60,110,0.00,2000
2025-07-01 19:41:26,2025-07-01 19:41:26,2025-07-01 05:35:20,2025-07-01 18:59:13,Nagpur (IN),overcast clouds,25.01,25.86,25.01,25.01,1001,967,88%,1001,3.60,270,0.00,3000
2025-07-01 19:41:27,2025-07-01 19:34:02,2025-07-01 05:36:12,2025-07-01 19:24:37,Jaipur (IN),haze,28.62,34.50,28.62,28.62,999,952,84%,999,2.06,110,0.00,2500
2025-07-01 21:44:45,2025-07-01 21:35:18,2025-07-01 05:26:36,2025-07-01 19:23:02,Delhi (IN),haze,31.05,38.05,31.05,31.05,999,974,74%,999,1.54,130,0.00,4000
2025-07-01 21:44:45,2025-07-01 21:36:14,2025-07-01 06:04:36,2025-07-01 19:19:59,Mumbai (IN),haze,27.99,31.77,27.99,27.99,1005,1004,78%,1005,5.66,240,10.80,2500
2025-07-01 21:44:45,2025-07-01 21:40:22,2025-07-01 04:55:21,2025-07-01 18:25:03,Kolkata (IN),haze,28.97,35.97,28.97,28.97,999,999,89%,999,2.06,140,0.00,3500
2025-07-01 21:44:45,2025-07-01 21:35:03,2025-07-01 05:56:58,2025-07-01 18:49:34,Bengaluru (IN),scattered clouds,22.80,23.25,22.28,23.90,1011,913,81%,1011,5.66,240,0.00,6000
2025-07-01 21:44:45,2025-07-01 21:44:45,2025-07-01 05:15:57,2025-07-01 19:04:04,Lucknow (IN),mist,27.99,34.99,27.99,27.99,998,984,100%,998,2.06,130,0.00,4000
2025-07-01 21:44:45,2025-07-01 21:43:24,2025-07-01 05:46:04,2025-07-01 18:39:04,Chennai (IN),haze,31.31,38.31,30.56,31.99,1005,1004,78%,1005,2.57,200,0.00,5000
2025-07-01 21:44:45,2025-07-01 21:40:32,2025-07-01 05:45:16,2025-07-01 18:54:18,Hyderabad (IN),overcast clouds,23.23,23.91,21.73,23.23,1008,943,88%,1008,8.23,280,13.38,3000
2025-07-01 21:44:45,2025-07-01 21:44:45,2025-07-01 05:01:55,2025-07-01 18:44:30,Patna (IN),mist,28.96,35.96,28.96,28.96,998,992,100%,998,3.09,80,0.00,3000
2025-07-01 21:44:45,2025-07-01 21:44:45,2025-07-01 05:35:20,2025-07-01 18:59:13,Nagpur (IN),overcast clouds,25.01,25.86,25.01,25.01,1002,968,88%,1002,2.06,220,0.00,3000
2025-07-01 21:44:45,2025-07-01 21:44:45,2025-07-01 05:36:12,2025-07-01 19:24:37,Jaipur (IN),mist,27.62,31.57,27.62,27.62,1000,952,83%,1000,0.00,0,0.00,2500
2025-07-01 23:45:27,2025-07-01 23:31:02,2025-07-01 05:26:36,2025-07-01 19:23:02,Delhi (IN),mist,30.05,37.05,30.05,30.05,999,974,79%,999,1.54,130,0.00,4000
2025-07-01 23:45:27,2025-07-01 23:35:14,2025-07-01 06:04:36,2025-07-01 19:19:59,Mumbai (IN),mist,25.99,25.99,25.99,25.99,1005,1004,89%,1005,4.12,230,0.00,2100
2025-07-01 23:45:27,2025-07-01 23:44:30,2025-07-01 04:55:21,2025-07-01 18:25:03,Kolkata (IN),haze,28.97,35.55,28.97,28.97,999,999,84%,999,2.06,150,0.00,3500
2025-07-01 23:45:27,2025-07-01 23:42:15,2025-07-01 05:56:58,2025-07-01 18:49:34,Bengaluru (IN),scattered clouds,22.10,22.56,21.73,23.05,1011,913,84%,1011,5.66,250,0.00,6000
2025-07-01 23:45:27,2025-07-01 23:45:27,2025-07-01 05:15:57,2025-07-01 19:04:04,Lucknow (IN),mist,27.99,34.99,27.99,27.99,998,984,100%,998,2.06,60,0.00,4000
2025-07-01 23:45:27,2025-07-01 23:43:11,2025-07-01 05:46:04,2025-07-01 18:39:04,Chennai (IN),haze,31.85,38.85,31.03,32.20,1006,1005,74%,1006,2.57,230,0.00,5000
2025-07-01 23:45:27,2025-07-01 23:40:47,2025-07-01 05:45:16,2025-07-01 18:54:18,Hyderabad (IN),overcast clouds,22.73,23.51,22.73,22.73,1007,943,94%,1007,5.66,270,0.00,3000
2025-07-01 23:45:27,2025-07-01 23:45:27,2025-07-01 05:01:55,2025-07-01 18:44:30,Patna (IN),mist,29.96,36.96,29.96,29.96,998,993,89%,998,4.12,100,0.00,3000
2025-07-01 23:45:27,2025-07-01 23:45:04,2025-07-01 05:35:20,2025-07-01 18:59:13,Nagpur (IN),drizzle,25.01,26.02,25.01,25.01,1002,967,94%,1002,1.03,190,0.00,3000
2025-07-01 23:45:27,2025-07-01 23:42:02,2025-07-01 05:36:12,2025-07-01 19:24:37,Jaipur (IN),mist,27.62,32.42,27.62,27.62,1000,952,89%,1000,5.66,260,0.00,2500
2025-07-02 01:42:43,2025-07-02 01:39:35,2025-07-02 05:26:58,2025-07-02 19:23:01,Delhi (IN),mist,29.05,35.79,29.05,29.05,999,973,84%,999,1.54,100,0.00,4000
2025-07-02 01:42:43,2025-07-02 01:32:42,2025-07-02 06:04:54,2025-07-02 19:20:03,Mumbai (IN),mist,27.99,32.54,27.99,27.99,1003,1003,83%,1003,6.17,270,0.00,2500
2025-07-02 01:42:43,2025-07-02 01:42:43,2025-07-02 04:55:40,2025-07-02 18:25:05,Kolkata (IN),haze,27.97,34.36,27.97,27.97,998,998,94%,998,1.03,110,0.00,3500
2025-07-02 01:42:43,2025-07-02 01:37:00,2025-07-02 05:57:14,2025-07-02 18:49:40,Bengaluru (IN),scattered clouds,21.37,21.83,20.62,21.94,1010,912,87%,1010,4.63,250,0.00,6000
2025-07-02 01:42:43,2025-07-02 01:42:16,2025-07-02 05:16:18,2025-07-02 19:04:05,Lucknow (IN),mist,27.99,34.99,27.99,27.99,999,984,100%,999,2.57,30,0.00,4000
2025-07-02 01:42:43,2025-07-02 01:40:18,2025-07-02 05:46:19,2025-07-02 18:39:10,Chennai (IN),haze,31.41,38.08,30.57,31.99,1005,1003,68%,1005,4.63,270,0.00,5000
2025-07-02 01:42:43,2025-07-02 01:38:32,2025-07-02 05:45:33,2025-07-02 18:54:22,Hyderabad (IN),overcast clouds,22.73,23.67,22.73,22.73,1007,941,100%,1007,6.17,270,0.00,3000
2025-07-02 01:42:43,2025-07-02 01:42:43,2025-07-02 05:02:16,2025-07-02 18:44:31,Patna (IN),mist,27.96,34.96,27.96,27.96,998,992,100%,998,3.60,90,0.00,3000
2025-07-02 01:42:43,2025-07-02 01:42:43,2025-07-02 05:35:39,2025-07-02 18:59:16,Nagpur (IN),overcast clouds,25.01,26.02,25.01,25.01,1002,966,94%,1002,2.06,230,0.00,3000
2025-07-02 01:42:43,2025-07-02 01:42:43,2025-07-02 05:36:34,2025-07-02 19:24:38,Jaipur (IN),mist,26.62,26.62,26.62,26.62,1000,952,89%,1000,3.09,280,0.00,2500
2025-07-02 03:40:54,2025-07-02 03:40:54,2025-07-02 05:26:58,2025-07-02 19:23:01,Delhi (IN),mist,29.05,35.79,29.05,29.05,999,973,84%,999,1.54,100,0.00,4000
2025-07-02 03:40:54,2025-07-02 03:32:20,2025-07-02 06:04:54,2025-07-02 19:20:03,Mumbai (IN),mist,27.99,32.54,27.99,27.99,1003,1002,83%,1003,5.14,260,0.00,2500
2025-07-02 03:40:54,2025-07-02 03:40:54,2025-07-02 04:55:40,2025-07-02 18:25:05,Kolkata (IN),haze,26.97,31.73,26.97,26.97,997,997,100%,997,1.54,90,0.00,3200
2025-07-02 03:40:54,2025-07-02 03:28:59,2025-07-02 05:57:14,2025-07-02 18:49:40,Bengaluru (IN),scattered clouds,20.89,21.41,20.62,21.90,1009,910,91%,1009,4.63,230,0.00,6000
2025-07-02 03:40:54,2025-07-02 03:40:54,2025-07-02 05:16:18,2025-07-02 19:04:05,Lucknow (IN),mist,26.99,31.80,26.99,26.99,997,983,100%,997,2.06,60,0.00,4000
2025-07-02 03:40:54,2025-07-02 03:35:12,2025-07-02 05:46:19,2025-07-02 18:39:10,Chennai (IN),haze,30.92,37.09,30.01,31.09,1004,1003,69%,1004,4.12,270,0.00,5000
2025-07-02 03:40:54,2025-07-02 03:40:03,2025-07-02 05:45:33,2025-07-02 18:54:22,Hyderabad (IN),drizzle,22.73,23.51,22.73,22.73,1005,940,94%,1005,7.20,270,0.00,3000
2025-07-02 03:40:54,2025-07-02 03:40:54,2025-07-02 05:02:16,2025-07-02 18:44:31,Patna (IN),mist,28.96,35.96,28.96,28.96,997,991,100%,997,4.12,90,0.00,2800
2025-07-02 03:40:54,2025-07-02 03:40:54,2025-07-02 05:35:39,2025-07-02 18:59:16,Nagpur (IN),mist,25.01,25.86,25.01,25.01,1001,965,88%,1001,2.57,240,0.00,3000
2025-07-02 03:40:54,2025-07-02 03:40:54,2025-07-02 05:36:34,2025-07-02 19:24:38,Jaipur (IN),overcast clouds,25.19,25.96,25.19,25.19,999,952,84%,999,1.42,243,2.23,10000
2025-07-02 06:27:14,2025-07-02 06:23:58,2025-07-02 05:26:58,2025-07-02 19:23:01,Delhi (IN),mist,29.05,36.05,29.05,29.05,999,974,89%,999,2.06,80,0.00,3000
2025-07-02 06:27:14,2025-07-02 06:21:18,2025-07-02 06:04:54,2025-07-02 19:20:03,Mumbai (IN),mist,27.99,32.54,27.99,27.99,1003,1002,83%,1003,5.66,270,0.00,2500
2025-07-02 06:27:14,2025-07-02 06:27:14,2025-07-02 04:55:40,2025-07-02 18:25:05,Kolkata (IN),haze,26.97,31.73,26.97,26.97,999,998,100%,999,2.06,100,0.00,3500
2025-07-02 06:27:14,2025-07-02 06:15:19,2025-07-02 05:57:14,2025-07-02 18:49:40,Bengaluru (IN),broken clouds,20.53,20.99,20.06,20.90,1009,911,90%,1009,4.12,250,0.00,6000
2025-07-02 06:27:14,2025-07-02 06:27:14,2025-07-02 05:16:18,2025-07-02 19:04:05,Lucknow (IN),mist,27.99,34.43,27.99,27.99,998,985,94%,998,2.57,70,0.00,4000
2025-07-02 06:27:14,2025-07-02 06:27:07,2025-07-02 05:46:19,2025-07-02 18:39:10,Chennai (IN),haze,30.32,36.91,28.94,30.54,1005,1004,74%,1005,3.60,250,0.00,5000
2025-07-02 06:27:14,2025-07-02 06:26:05,2025-07-02 05:45:33,2025-07-02 18:54:22,Hyderabad (IN),mist,22.73,23.67,22.73,22.73,1005,942,100%,1005,6.17,270,0.00,4000
2025-07-02 06:27:14,2025-07-02 06:22:16,2025-07-02 05:02:16,2025-07-02 18:44:31,Patna (IN),mist,27.96,34.96,27.96,27.96,998,992,100%,998,4.63,90,0.00,2800
2025-07-02 06:27:14,2025-07-02 06:27:14,2025-07-02 05:35:39,2025-07-02 18:59:16,Nagpur (IN),mist,24.01,24.76,24.01,24.01,1001,966,88%,1001,2.57,230,0.00,3000
2025-07-02 06:27:14,2025-07-02 06:27:14,2025-07-02 05:36:34,2025-07-02 19:24:38,Jaipur (IN),broken clouds,25.19,26.01,25.19,25.19,999,953,86%,999,4.34,286,6.60,10000
2025-07-02 08:43:27,2025-07-02 08:37:45,2025-07-02 05:26:58,2025-07-02 19:23:01,Delhi (IN),haze,31.05,37.73,31.05,31.05,1000,975,70%,1000,3.60,80,0.00,4500
2025-07-02 08:43:27,2025-07-02 08:40:41,2025-07-02 06:04:54,2025-07-02 19:20:03,Mumbai (IN),mist,28.99,35.61,28.94,28.99,1004,1004,84%,1004,4.12,250,9.26,3000
2025-07-02 08:43:27,2025-07-02 08:43:27,2025-07-02 04:55:40,2025-07-02 18:25:05,Kolkata (IN),haze,29.97,36.97,29.97,29.97,999,998,79%,999,4.12,120,0.00,4000
2025-07-02 08:43:27,2025-07-02 08:37:42,2025-07-02 05:57:14,2025-07-02 18:49:40,Bengaluru (IN),broken clouds,22.31,22.82,21.73,22.80,1011,913,85%,1011,6.69,250,0.00,6000
2025-07-02 08:43:27,2025-07-02 08:43:27,2025-07-02 05:16:18,2025-07-02 19:04:05,Lucknow (IN),mist,28.99,35.99,28.99,28.99,999,985,94%,999,4.63,100,0.00,4000
2025-07-02 08:43:27,2025-07-02 08:43:27,2025-07-02 05:46:19,2025-07-02 18:39:10,Chennai (IN),haze,31.13,38.13,30.57,31.59,1006,1006,72%,1006,6.69,260,0.00,5000
2025-07-02 08:43:27,2025-07-02 08:43:27,2025-07-02 05:45:33,2025-07-02 18:54:22,Hyderabad (IN),light intensity drizzle,24.23,25.01,23.73,24.23,1007,943,88%,1007,6.17,270,0.00,4000
2025-07-02 08:43:27,2025-07-02 08:43:27,2025-07-02 05:02:16,2025-07-02 18:44:31,Patna (IN),mist,28.96,35.96,28.96,28.96,999,993,94%,999,3.60,90,0.00,4000
2025-07-02 08:43:27,2025-07-02 08:41:41,2025-07-02 05:35:39,2025-07-02 18:59:16,Nagpur (IN),mist,26.01,26.01,26.01,26.01,1002,968,83%,1002,2.57,250,0.00,4000
2025-07-02 08:43:27,2025-07-02 08:43:27,2025-07-02 05:36:34,2025-07-02 19:24:38,Jaipur (IN),mist,28.62,33.51,28.62,28.62,1001,953,79%,1001,1.54,30,0.00,3000
2025-07-02 09:52:11,2025-07-02 09:50:40,2025-07-02 05:26:58,2025-07-02 19:23:01,Delhi (IN),haze,33.05,40.05,33.05,33.05,1000,975,62%,1000,3.60,80,0.00,5000
2025-07-02 09:52:11,2025-07-02 09:52:11,2025-07-02 06:04:54,2025-07-02 19:20:03,Mumbai (IN),mist,28.99,34.50,28.94,28.99,1005,1004,79%,1005,7.20,250,0.00,2500
2025-07-02 09:52:11,2025-07-02 09:44:03,2025-07-02 04:55:40,2025-07-02 18:25:05,Kolkata (IN),haze,30.97,37.97,30.97,30.97,998,998,74%,998,4.63,120,0.00,4000
2025-07-02 09:52:11,2025-07-02 09:52:11,2025-07-02 05:57:14,2025-07-02 18:49:40,Bengaluru (IN),broken clouds,24.22,24.73,23.39,24.80,1011,913,78%,1011,7.20,250,0.00,6000
2025-07-02 09:52:11,2025-07-02 09:52:11,2025-07-02 05:16:18,2025-07-02 19:04:05,Lucknow (IN),mist,29.99,36.99,29.99,29.99,999,985,89%,999,5.14,90,0.00,4000
2025-07-02 09:52:11,2025-07-02 09:51:32,2025-07-02 05:46:19,2025-07-02 18:39:10,Chennai (IN),haze,31.62,38.62,31.12,31.99,1006,1006,70%,1006,6.69,250,0.00,5000
2025-07-02 09:52:11,2025-07-02 09:51:59,2025-07-02 05:45:33,2025-07-02 18:54:22,Hyderabad (IN),light intensity drizzle,25.23,25.98,24.73,25.23,1007,943,83%,1007,9.26,270,0.00,4000
2025-07-02 09:52:11,2025-07-02 09:52:11,2025-07-02 05:02:16,2025-07-02 18:44:31,Patna (IN),mist,30.96,37.96,30.96,30.96,999,992,79%,999,3.09,110,0.00,4500
2025-07-02 09:52:12,2025-07-02 09:52:11,2025-07-02 05:35:39,2025-07-02 18:59:16,Nagpur (IN),mist,27.01,29.58,27.01,27.01,1002,968,78%,1002,3.60,240,0.00,4000
2025-07-02 09:52:12,2025-07-02 09:52:12,2025-07-02 05:36:34,2025-07-02 19:24:38,Jaipur (IN),mist,29.62,35.04,29.62,29.62,1001,953,74%,1001,3.09,60,0.00,3000
2025-07-02 11:47:53,2025-07-02 11:45:32,2025-07-02 05:26:58,2025-07-02 19:23:01,Delhi (IN),haze,33.05,40.05,33.05,33.05,1000,974,62%,1000,3.60,80,0.00,5000
2025-07-02 11:47:53,2025-07-02 11:43:42,2025-07-02 06:04:54,2025-07-02 19:20:03,Mumbai (IN),haze,28.99,35.61,28.94,28.99,1004,1004,84%,1004,4.63,250,9.77,2500
2025-07-02 11:47:53,2025-07-02 11:45:18,2025-07-02 04:55:40,2025-07-02 18:25:05,Kolkata (IN),haze,31.97,38.97,31.97,31.97,998,997,70%,998,3.60,110,0.00,4000
2025-07-02 11:47:53,2025-07-02 11:42:41,2025-07-02 05:57:14,2025-07-02 18:49:40,Bengaluru (IN),broken clouds,26.49,26.49,25.73,27.98,1011,912,67%,1011,7.20,250,0.00,6000
2025-07-02 11:47:53,2025-07-02 11:47:53,2025-07-02 05:16:18,2025-07-02 19:04:05,Lucknow (IN),haze,31.99,38.99,31.99,31.99,999,984,74%,999,6.17,120,0.00,5000
2025-07-02 11:47:53,2025-07-02 11:45:16,2025-07-02 05:46:19,2025-07-02 18:39:10,Chennai (IN),haze,33.15,40.15,32.76,33.99,1005,1005,65%,1005,6.17,260,0.00,5000
2025-07-02 11:47:53,2025-07-02 11:47:53,2025-07-02 05:45:33,2025-07-02 18:54:22,Hyderabad (IN),light intensity drizzle,25.23,25.98,25.23,26.73,1008,943,83%,1008,8.23,260,0.00,4000
2025-07-02 11:47:53,2025-07-02 11:47:53,2025-07-02 05:02:16,2025-07-02 18:44:31,Patna (IN),broken clouds,29.96,36.96,29.96,29.96,998,991,84%,998,3.60,120,0.00,3500
2025-07-02 11:47:53,2025-07-02 11:43:48,2025-07-02 05:35:39,2025-07-02 18:59:16,Nagpur (IN),haze,29.01,32.75,29.01,29.01,1002,968,70%,1002,3.60,250,0.00,4000
2025-07-02 11:47:53,2025-07-02 11:45:03,2025-07-02 05:36:34,2025-07-02 19:24:38,Jaipur (IN),haze,30.62,36.60,30.62,30.62,1001,953,70%,1001,3.60,70,0.00,4000
2025-07-02 13:46:12,2025-07-02 13:39:54,2025-07-02 05:26:58,2025-07-02 19:23:01,Delhi (IN),haze,34.05,41.05,34.05,34.05,998,972,62%,998,3.09,80,0.00,5000
2025-07-02 13:46:12,2025-07-02 13:35:14,2025-07-02 06:04:54,2025-07-02 19:20:03,Mumbai (IN),haze,27.99,31.77,27.94,27.99,1004,1003,78%,1004,3.60,250,0.00,2500
2025-07-02 13:46:12,2025-07-02 13:34:04,2025-07-02 04:55:40,2025-07-02 18:25:05,Kolkata (IN),haze,32.97,39.97,32.97,32.97,997,997,66%,997,3.09,110,0.00,4500
2025-07-02 13:46:12,2025-07-02 13:39:03,2025-07-02 05:57:14,2025-07-02 18:49:40,Bengaluru (IN),broken clouds,27.32,28.84,26.73,28.54,1009,911,64%,1009,5.66,270,0.00,8000
2025-07-02 13:46:12,2025-07-02 13:42:39,2025-07-02 05:16:18,2025-07-02 19:04:05,Lucknow (IN),haze,31.99,38.99,31.99,31.99,998,983,74%,998,4.12,100,0.00,5000
2025-07-02 13:46:12,2025-07-02 13:45:03,2025-07-02 05:46:19,2025-07-02 18:39:10,Chennai (IN),broken clouds,34.86,41.86,34.42,36.03,1003,1002,61%,1003,7.20,260,0.00,6000
2025-07-02 13:46:12,2025-07-02 13:45:19,2025-07-02 05:45:33,2025-07-02 18:54:22,Hyderabad (IN),overcast clouds,25.23,26.11,24.73,25.23,1007,942,88%,1007,6.17,250,0.00,4000
2025-07-02 13:46:12,2025-07-02 13:46:12,2025-07-02 05:02:16,2025-07-02 18:44:31,Patna (IN),broken clouds,30.96,37.96,30.96,30.96,997,991,84%,997,6.17,100,0.00,4500
2025-07-02 13:46:12,2025-07-02 13:45:19,2025-07-02 05:35:39,2025-07-02 18:59:16,Nagpur (IN),haze,28.01,31.24,28.01,28.01,1002,967,74%,1002,2.57,260,0.00,4000
2025-07-02 13:46:12,2025-07-02 13:46:12,2025-07-02 05:36:34,2025-07-02 19:24:38,Jaipur (IN),haze,31.62,36.78,31.62,31.62,999,951,62%,999,4.63,40,0.00,5000
2025-07-02 15:42:46,2025-07-02 15:36:40,2025-07-02 05:26:58,2025-07-02 19:23:01,Delhi (IN),haze,34.05,41.05,34.05,34.05,997,971,62%,997,3.09,70,0.00,4000
2025-07-02 15:42:46,2025-07-02 15:28:43,2025-07-02 06:04:54,2025-07-02 19:20:03,Mumbai (IN),mist,27.99,32.54,27.99,28.94,1003,1002,83%,1003,4.63,260,0.00,3000
2025-07-02 15:42:46,2025-07-02 15:42:46,2025-07-02 04:55:40,2025-07-02 18:25:05,Kolkata (IN),haze,31.97,38.97,31.97,31.97,996,996,70%,996,3.09,120,0.00,4500
2025-07-02 15:42:46,2025-07-02 15:35:15,2025-07-02 05:57:14,2025-07-02 18:49:40,Bengaluru (IN),overcast clouds,27.00,28.53,25.28,28.54,1009,910,66%,1009,8.34,277,10.83,10000
2025-07-02 15:42:46,2025-07-02 15:41:58,2025-07-02 05:16:18,2025-07-02 19:04:05,Lucknow (IN),haze,32.99,39.99,32.99,32.99,996,982,70%,996,5.66,100,0.00,5000
2025-07-02 15:42:46,2025-07-02 15:40:04,2025-07-02 05:46:19,2025-07-02 18:39:10,Chennai (IN),broken clouds,35.56,42.56,34.49,36.03,1002,1001,60%,1002,3.60,200,0.00,6000
2025-07-02 15:42:46,2025-07-02 15:38:05,2025-07-02 05:45:33,2025-07-02 18:54:22,Hyderabad (IN),light intensity drizzle,25.23,25.98,24.73,25.23,1006,942,83%,1006,7.20,250,0.00,4000
2025-07-02 15:42:46,2025-07-02 15:42:46,2025-07-02 05:02:16,2025-07-02 18:44:31,Patna (IN),mist,30.96,37.96,30.96,30.96,996,990,84%,996,3.09,120,0.00,4500
2025-07-02 15:42:46,2025-07-02 15:40:04,2025-07-02 05:35:39,2025-07-02 18:59:16,Nagpur (IN),haze,29.01,32.75,29.01,29.01,1000,966,70%,1000,2.06,220,0.00,4000
2025-07-02 15:42:46,2025-07-02 15:39:56,2025-07-02 05:36:34,2025-07-02 19:24:38,Jaipur (IN),haze,31.62,38.00,31.62,31.62,998,950,66%,998,5.14,70,0.00,5000
2025-07-02 17:52:08,2025-07-02 17:42:05,2025-07-02 05:26:58,2025-07-02 19:23:01,Delhi (IN),haze,35.05,42.05,35.05,35.05,996,972,55%,996,4.63,100,0.00,4000
2025-07-02 17:52:08,2025-07-02 17:40:06,2025-07-02 06:04:54,2025-07-02 19:20:03,Mumbai (IN),mist,27.99,32.54,26.94,27.99,1003,1002,83%,1003,4.12,240,9.26,2500
2025-07-02 17:52:08,2025-07-02 17:43:46,2025-07-02 04:55:40,2025-07-02 18:25:05,Kolkata (IN),moderate rain,27.97,34.36,27.97,27.97,997,996,94%,997,2.57,90,0.00,2600
2025-07-02 17:52:08,2025-07-02 17:47:23,2025-07-02 05:57:14,2025-07-02 18:49:40,Bengaluru (IN),broken clouds,24.72,25.18,24.06,25.90,1010,911,74%,1010,6.69,260,0.00,6000
2025-07-02 17:52:08,2025-07-02 17:47:45,2025-07-02 05:16:18,2025-07-02 19:04:05,Lucknow (IN),mist,30.99,37.99,30.99,30.99,996,982,84%,996,3.09,90,0.00,5000
2025-07-02 17:52:08,2025-07-02 17:44:26,2025-07-02 05:46:19,2025-07-02 18:39:10,Chennai (IN),overcast clouds,31.04,38.04,28.89,31.09,1003,1002,82%,1003,2.24,175,3.58,10000
2025-07-02 17:52:08,2025-07-02 17:50:14,2025-07-02 05:45:33,2025-07-02 18:54:22,Hyderabad (IN),light intensity drizzle,25.23,26.11,24.73,25.23,1005,941,88%,1005,4.12,230,0.00,4000
2025-07-02 17:52:08,2025-07-02 17:52:08,2025-07-02 05:02:16,2025-07-02 18:44:31,Patna (IN),haze,31.96,38.96,31.96,31.96,997,991,74%,997,3.60,90,0.00,5000
2025-07-02 17:52:08,2025-07-02 17:52:08,2025-07-02 05:35:39,2025-07-02 18:59:16,Nagpur (IN),haze,30.01,35.06,30.01,30.01,999,966,70%,999,1.54,240,0.00,4000
2025-07-02 17:52:08,2025-07-02 17:52:08,2025-07-02 05:36:34,2025-07-02 19:24:38,Jaipur (IN),mist,29.62,35.04,29.62,29.62,998,950,74%,998,1.54,290,0.00,2500
2025-07-02 19:41:31,2025-07-02 19:35:25,2025-07-02 05:26:58,2025-07-02 19:23:01,Delhi (IN),haze,31.05,38.05,31.05,31.05,998,973,74%,998,3.09,120,0.00,4000
2025-07-02 19:41:31,2025-07-02 19:40:11,2025-07-02 06:04:54,2025-07-02 19:20:03,Mumbai (IN),overcast clouds,27.99,32.54,27.99,27.99,1003,1003,83%,1003,5.66,250,10.80,2100
2025-07-02 19:41:31,2025-07-02 19:39:58,2025-07-02 04:55:40,2025-07-02 18:25:05,Kolkata (IN),haze,27.97,34.36,27.97,27.97,999,998,94%,999,2.06,110,0.00,3500
2025-07-02 19:41:31,2025-07-02 19:30:13,2025-07-02 05:57:14,2025-07-02 18:49:40,Bengaluru (IN),broken clouds,21.49,22.07,21.17,22.90,1010,912,91%,1010,3.09,240,0.00,6000
2025-07-02 19:41:31,2025-07-02 19:41:31,2025-07-02 05:16:18,2025-07-02 19:04:05,Lucknow (IN),mist,30.99,37.99,30.99,30.99,997,983,79%,997,4.63,100,0.00,5000
2025-07-02 19:41:31,2025-07-02 19:40:19,2025-07-02 05:46:19,2025-07-02 18:39:10,Chennai (IN),mist,30.58,37.58,30.00,30.99,1004,1003,82%,1004,3.60,160,0.00,5000
2025-07-02 19:41:31,2025-07-02 19:40:14,2025-07-02 05:45:33,2025-07-02 18:54:22,Hyderabad (IN),light intensity drizzle,25.23,26.11,24.73,25.23,1005,942,88%,1005,4.12,230,0.00,4000
2025-07-02 19:41:31,2025-07-02 19:41:31,2025-07-02 05:02:16,2025-07-02 18:44:31,Patna (IN),mist,30.96,37.96,30.96,30.96,998,992,79%,998,1.54,90,0.00,4500
2025-07-02 19:41:31,2025-07-02 19:41:31,2025-07-02 05:35:39,2025-07-02 18:59:16,Nagpur (IN),mist,26.01,26.01,26.01,26.01,1000,967,94%,1000,1.54,210,0.00,4000
2025-07-02 19:41:31,2025-07-02 19:41:31,2025-07-02 05:36:34,2025-07-02 19:24:38,Jaipur (IN),overcast clouds,26.62,26.62,26.62,26.62,999,951,94%,999,5.66,120,0.00,1500
2025-07-02 21:43:56,2025-07-02 21:39:41,2025-07-02 05:26:58,2025-07-02 19:23:01,Delhi (IN),mist,30.05,37.05,30.05,30.05,999,973,79%,999,2.06,120,0.00,4000
2025-07-02 21:43:56,2025-07-02 21:35:06,2025-07-02 06:04:54,2025-07-02 19:20:03,Mumbai (IN),overcast clouds,25.99,25.99,25.99,25.99,1004,1004,94%,1004,3.60,250,0.00,1800
2025-07-02 21:43:56,2025-07-02 21:38:38,2025-07-02 04:55:40,2025-07-02 18:25:05,Kolkata (IN),haze,27.97,34.36,27.97,27.97,1000,999,94%,1000,1.54,120,0.00,3500
2025-07-02 21:43:56,2025-07-02 21:41:43,2025-07-02 05:57:14,2025-07-02 18:49:40,Bengaluru (IN),scattered clouds,21.73,22.23,21.17,22.90,1011,913,87%,1011,4.12,250,0.00,6000
2025-07-02 21:43:56,2025-07-02 21:40:04,2025-07-02 05:16:18,2025-07-02 19:04:05,Lucknow (IN),mist,30.99,37.99,30.99,30.99,998,985,84%,998,3.60,70,0.00,5000
2025-07-02 21:43:56,2025-07-02 21:42:10,2025-07-02 05:46:19,2025-07-02 18:39:10,Chennai (IN),mist,26.68,29.84,26.59,26.99,1006,1005,90%,1006,2.57,340,0.00,3000
2025-07-02 21:43:56,2025-07-02 21:39:11,2025-07-02 05:45:33,2025-07-02 18:54:22,Hyderabad (IN),light intensity drizzle,25.23,26.11,24.73,25.23,1007,943,88%,1007,4.12,220,0.00,4000
2025-07-02 21:43:56,2025-07-02 21:43:56,2025-07-02 05:02:16,2025-07-02 18:44:31,Patna (IN),mist,30.96,37.96,30.96,30.96,999,993,84%,999,4.63,80,0.00,3000
2025-07-02 21:43:56,2025-07-02 21:43:56,2025-07-02 05:35:39,2025-07-02 18:59:16,Nagpur (IN),haze,25.01,26.02,25.01,25.01,1002,968,94%,1002,2.06,190,0.00,4000
2025-07-02 21:43:56,2025-07-02 21:43:56,2025-07-02 05:36:34,2025-07-02 19:24:38,Jaipur (IN),mist,26.62,26.62,26.62,26.62,1000,952,89%,1000,1.54,270,0.00,2500
2025-07-02 23:46:23,2025-07-02 23:46:23,2025-07-02 05:26:58,2025-07-02 19:23:01,Delhi (IN),mist,30.05,37.05,30.05,30.05,999,974,79%,999,1.54,120,0.00,4000
2025-07-02 23:46:23,2025-07-02 23:35:13,2025-07-02 06:04:54,2025-07-02 19:20:03,Mumbai (IN),light intensity drizzle,25.99,25.99,25.99,25.99,1004,1003,94%,1004,6.69,260,0.00,1500
2025-07-02 23:46:23,2025-07-02 23:45:22,2025-07-02 04:55:40,2025-07-02 18:25:05,Kolkata (IN),haze,27.97,34.36,27.97,27.97,1000,999,94%,1000,2.06,130,0.00,3500
2025-07-02 23:46:23,2025-07-02 23:44:42,2025-07-02 05:57:14,2025-07-02 18:49:40,Bengaluru (IN),broken clouds,21.73,22.23,21.17,22.50,1011,913,87%,1011,5.66,250,0.00,6000
2025-07-02 23:46:23,2025-07-02 23:46:23,2025-07-02 05:16:18,2025-07-02 19:04:05,Lucknow (IN),mist,29.99,36.99,29.99,29.99,999,985,84%,999,3.60,110,0.00,5000
2025-07-02 23:46:23,2025-07-02 23:45:15,2025-07-02 05:46:19,2025-07-02 18:39:10,Chennai (IN),mist,27.76,32.84,27.70,27.99,1007,1005,89%,1007,1.03,0,0.00,4000
2025-07-02 23:46:23,2025-07-02 23:44:21,2025-07-02 05:45:33,2025-07-02 18:54:22,Hyderabad (IN),mist,23.73,24.61,23.73,23.73,1006,942,94%,1006,5.14,230,0.00,4000
2025-07-02 23:46:23,2025-07-02 23:46:23,2025-07-02 05:02:16,2025-07-02 18:44:31,Patna (IN),mist,29.96,36.96,29.96,29.96,1000,993,89%,1000,4.63,90,0.00,3000
2025-07-02 23:46:23,2025-07-02 23:46:23,2025-07-02 05:35:39,2025-07-02 18:59:16,Nagpur (IN),mist,25.01,26.02,25.01,25.01,1002,966,94%,1002,3.09,210,0.00,3000
2025-07-02 23:46:23,2025-07-02 23:46:23,2025-07-02 05:36:34,2025-07-02 19:24:38,Jaipur (IN),mist,26.62,26.62,26.62,26.62,1000,952,94%,1000,1.03,0,0.00,3000
2025-07-03 01:41:57,2025-07-03 01:41:42,2025-07-03 05:27:21,2025-07-03 19:22:59,Delhi (IN),mist,29.05,35.79,29.05,29.05,999,973,84%,999,2.57,130,0.00,4000
2025-07-03 01:41:57,2025-07-03 01:35:08,2025-07-03 06:05:12,2025-07-03 19:20:06,Mumbai (IN),overcast clouds,25.99,25.99,25.99,25.99,1003,1002,89%,1003,6.69,250,12.35,1200
2025-07-03 01:41:57,2025-07-03 01:41:57,2025-07-03 04:56:00,2025-07-03 18:25:06,Kolkata (IN),haze,27.97,34.36,27.97,27.97,999,998,94%,999,1.54,120,0.00,3500
2025-07-03 01:41:57,2025-07-03 01:40:29,2025-07-03 05:57:29,2025-07-03 18:49:46,Bengaluru (IN),light rain,20.89,21.41,20.62,21.90,1010,912,91%,1010,5.14,260,0.00,6000
2025-07-03 01:41:57,2025-07-03 01:41:57,2025-07-03 05:16:40,2025-07-03 19:04:04,Lucknow (IN),mist,28.99,35.99,28.99,28.99,999,984,89%,999,4.12,100,0.00,4000
2025-07-03 01:41:57,2025-07-03 01:38:38,2025-07-03 05:46:35,2025-07-03 18:39:16,Chennai (IN),mist,27.86,34.16,27.22,28.25,1005,1004,95%,1005,8.94,66,15.65,4000
2025-07-03 01:41:57,2025-07-03 01:40:25,2025-07-03 05:45:51,2025-07-03 18:54:26,Hyderabad (IN),mist,23.73,24.61,23.73,23.73,1006,941,94%,1006,5.14,250,0.00,4000
2025-07-03 01:41:57,2025-07-03 01:41:57,2025-07-03 05:02:37,2025-07-03 18:44:31,Patna (IN),mist,28.96,35.96,28.96,28.96,999,993,100%,999,3.09,90,0.00,3000
2025-07-03 01:41:57,2025-07-03 01:41:57,2025-07-03 05:35:58,2025-07-03 18:59:18,Nagpur (IN),mist,25.01,26.02,25.01,25.01,1001,966,94%,1001,1.54,200,0.00,3000
2025-07-03 01:41:57,2025-07-03 01:41:57,2025-07-03 05:36:56,2025-07-03 19:24:37,Jaipur (IN),mist,26.62,26.62,26.62,26.62,1000,952,89%,1000,1.03,0,0.00,3000
2025-07-03 03:41:04,2025-07-03 03:30:01,2025-07-03 05:27:21,2025-07-03 19:22:59,Delhi (IN),mist,29.05,36.05,29.05,29.05,998,973,89%,998,1.54,100,0.00,3500
2025-07-03 03:41:04,2025-07-03 03:34:06,2025-07-03 06:05:12,2025-07-03 19:20:06,Mumbai (IN),mist,27.99,32.54,27.99,27.99,1002,1001,83%,1002,6.69,260,0.00,2500
2025-07-03 03:41:05,2025-07-03 03:41:05,2025-07-03 04:56:00,2025-07-03 18:25:06,Kolkata (IN),haze,27.97,33.48,27.97,27.97,999,998,89%,999,2.06,140,0.00,3500
2025-07-03 03:41:05,2025-07-03 03:39:27,2025-07-03 05:57:29,2025-07-03 18:49:46,Bengaluru (IN),broken clouds,20.53,20.99,20.06,20.90,1010,911,90%,1010,5.66,250,0.00,6000
2025-07-03 03:41:05,2025-07-03 03:41:05,2025-07-03 05:16:40,2025-07-03 19:04:04,Lucknow (IN),mist,27.99,34.43,27.99,27.99,999,984,94%,999,5.14,90,0.00,4000
2025-07-03 03:41:05,2025-07-03 03:40:55,2025-07-03 05:46:35,2025-07-03 18:39:16,Chennai (IN),mist,28.29,35.08,27.22,28.31,1005,1003,92%,1005,2.06,250,0.00,4000
2025-07-03 03:41:05,2025-07-03 03:40:21,2025-07-03 05:45:51,2025-07-03 18:54:26,Hyderabad (IN),mist,23.73,24.46,23.73,23.73,1005,940,88%,1005,5.14,240,0.00,4000
2025-07-03 03:41:05,2025-07-03 03:41:05,2025-07-03 05:02:37,2025-07-03 18:44:31,Patna (IN),mist,28.96,35.96,28.96,28.96,999,992,100%,999,3.60,80,0.00,3000
2025-07-03 03:41:05,2025-07-03 03:41:05,2025-07-03 05:35:58,2025-07-03 18:59:18,Nagpur (IN),haze,25.01,26.02,25.01,25.01,1001,965,94%,1001,1.54,220,0.00,3500
2025-07-03 03:41:05,2025-07-03 03:41:05,2025-07-03 05:36:56,2025-07-03 19:24:37,Jaipur (IN),mist,26.62,26.62,26.62,26.62,999,951,89%,999,2.06,40,0.00,3000
2025-07-03 06:26:56,2025-07-03 06:26:56,2025-07-03 05:27:21,2025-07-03 19:22:59,Delhi (IN),mist,29.05,35.79,29.05,29.05,1000,975,84%,1000,3.60,90,0.00,3000
2025-07-03 06:26:56,2025-07-03 06:23:58,2025-07-03 06:05:12,2025-07-03 19:20:06,Mumbai (IN),mist,27.99,32.54,27.99,27.99,1003,1003,83%,1003,5.14,240,10.29,2500
2025-07-03 06:26:56,2025-07-03 06:26:56,2025-07-03 04:56:00,2025-07-03 18:25:06,Kolkata (IN),haze,27.97,34.36,27.97,27.97,1000,999,94%,1000,1.54,130,0.00,3200
2025-07-03 06:26:56,2025-07-03 06:17:26,2025-07-03 05:57:29,2025-07-03 18:49:46,Bengaluru (IN),broken clouds,20.29,20.72,19.50,20.90,1010,912,90%,1010,5.14,250,0.00,6000
2025-07-03 06:26:56,2025-07-03 06:26:56,2025-07-03 05:16:40,2025-07-03 19:04:04,Lucknow (IN),mist,27.99,34.43,27.99,27.99,999,985,94%,999,4.12,100,0.00,4000
2025-07-03 06:26:56,2025-07-03 06:26:56,2025-07-03 05:46:35,2025-07-03 18:39:16,Chennai (IN),mist,28.21,34.04,27.27,28.31,1006,1005,88%,1006,2.57,250,0.00,4000
2025-07-03 06:26:56,2025-07-03 06:25:12,2025-07-03 05:45:51,2025-07-03 18:54:26,Hyderabad (IN),mist,23.73,24.46,23.73,23.73,1006,942,88%,1006,5.14,240,0.00,5000
2025-07-03 06:26:56,2025-07-03 06:26:56,2025-07-03 05:02:37,2025-07-03 18:44:31,Patna (IN),mist,27.96,34.33,27.96,27.96,1000,994,94%,1000,4.12,100,0.00,3500
2025-07-03 06:26:56,2025-07-03 06:26:56,2025-07-03 05:35:58,2025-07-03 18:59:18,Nagpur (IN),haze,25.01,25.86,25.01,25.01,1001,967,88%,1001,2.06,200,0.00,4000
2025-07-03 06:26:56,2025-07-03 06:25:03,2025-07-03 05:36:56,2025-07-03 19:24:37,Jaipur (IN),mist,26.62,26.62,26.62,26.62,999,952,94%,999,1.03,0,0.00,3000
